id,name,percent,status
1001,Kristen,43.62,pass
1002,Dylan,83.78,pass
1003,Ryan,75.4,pass
1004,Jamie,87.81,pass
1005,Andrew,35.96,fail
1006,Mary,67.54,pass
1007,Joseph,95.8,pass
1008,Erik,72.51,pass
1009,Anna,90.31,pass
1010,Jesse,56.07,pass
1011,David,98.75,pass
1012,Hailey,77.93,pass
1013,David,52.91,pass
1014,Scott,47.94,pass
1015,Nathan,49.71,pass
1016,Amanda,76.99,pass
1017,Michael,66.09,pass
1018,Brian,98.09,pass
1019,Randy,74.87,pass
1020,Andrew,32.74,fail
1021,Beth,98.0,pass
1022,Melanie,97.4,pass
1023,Daniel,74.91,pass
1024,Anthony,99.26,pass
1025,Andrew,63.39,pass
1026,Margaret,91.16,pass
1027,Tonya,47.26,pass
1028,Mia,84.18,pass
1029,Austin,31.61,fail
1030,Danielle,33.49,fail
1031,Ronald,64.0,pass
1032,Ruth,57.9,pass
1033,Brian,51.56,pass
1034,Anthony,64.52,pass
1035,Andrew,75.64,pass
1036,Steven,61.67,pass
1037,Tim,68.66,pass
1038,Diana,66.71,pass
1039,Robert,80.36,pass
1040,Robert,89.91,pass
1041,Kimberly,64.25,pass
1042,Darrell,33.37,fail
1043,Anthony,75.27,pass
1044,Brian,99.85,pass
1045,Patrick,97.31,pass
1046,Rebecca,55.8,pass
1047,Kristen,60.38,pass
1048,Tyler,35.7,fail
1049,Robert,46.07,pass
1050,Michael,73.32,pass
1051,Kurt,48.69,pass
1052,Brianna,93.26,pass
1053,Katrina,70.92,pass
1054,Donald,67.56,pass
1055,Annette,81.71,pass
1056,Laura,84.28,pass
1057,Mary,85.35,pass
1058,Ashley,62.4,pass
1059,Jack,68.65,pass
1060,Zachary,89.11,pass
1061,Morgan,87.39,pass
1062,Jose,83.49,pass
1063,Jamie,94.54,pass
1064,Brandon,89.02,pass
1065,Alyssa,45.98,pass
1066,Michael,44.62,pass
1067,Ryan,30.54,fail
1068,Stephanie,33.65,fail
1069,Dawn,66.52,pass
1070,Chad,96.77,pass
1071,Matthew,48.58,pass
1072,Mary,72.32,pass
1073,Natalie,93.04,pass
1074,Frank,97.54,pass
1075,Glenn,35.22,fail
1076,Carl,82.52,pass
1077,Andrea,91.76,pass
1078,Tamara,42.42,pass
1079,Emily,41.32,pass
1080,James,75.04,pass
1081,Lucas,94.36,pass
1082,Mike,92.85,pass
1083,Emma,83.58,pass
1084,Jason,46.19,pass
1085,Dylan,57.62,pass
1086,Andrea,89.58,pass
1087,Jessica,35.74,fail
1088,Latoya,78.0,pass
1089,Andrea,93.94,pass
1090,Ricardo,30.43,fail
1091,Kimberly,93.61,pass
1092,Michael,82.19,pass
1093,Danielle,87.95,pass
1094,Kimberly,98.55,pass
1095,Laura,64.28,pass
1096,Kevin,46.61,pass
1097,Susan,92.67,pass
1098,Paul,66.84,pass
1099,Dalton,97.09,pass
1100,Kathy,54.48,pass
1101,Andrea,83.92,pass
1102,Kathleen,35.02,fail
1103,Steven,80.73,pass
1104,Jeffrey,89.27,pass
1105,Lisa,31.04,fail
1106,Courtney,38.45,fail
1107,Caroline,49.95,pass
1108,Rebecca,85.93,pass
1109,Justin,65.0,pass
1110,John,97.76,pass
1111,Paul,51.11,pass
1112,Krystal,94.56,pass
1113,Daniel,82.4,pass
1114,Renee,90.79,pass
1115,Lindsay,99.66,pass
1116,Daniel,38.64,fail
1117,Kimberly,93.89,pass
1118,Jessica,53.72,pass
1119,Matthew,92.11,pass
1120,Melissa,61.94,pass
1121,Tyrone,40.8,pass
1122,Chad,47.3,pass
1123,Beverly,98.47,pass
1124,Jessica,89.83,pass
1125,Catherine,75.67,pass
1126,Garrett,36.05,fail
1127,Kenneth,35.69,fail
1128,Danielle,49.68,pass
1129,Christopher,90.24,pass
1130,David,42.19,pass
1131,Misty,90.55,pass
1132,Hunter,64.66,pass
1133,Karen,54.64,pass
1134,John,71.23,pass
1135,Olivia,48.61,pass
1136,Frank,48.33,pass
1137,Melissa,34.58,fail
1138,Heidi,34.98,fail
1139,Anna,81.21,pass
1140,Margaret,79.69,pass
1141,Jeffrey,78.75,pass
1142,Rodney,65.28,pass
1143,Angela,59.93,pass
1144,Matthew,30.34,fail
1145,Jessica,45.55,pass
1146,Stephen,97.61,pass
1147,Alejandro,96.99,pass
1148,Joseph,62.62,pass
1149,Maria,50.49,pass
1150,Mark,55.91,pass
1151,Mary,72.68,pass
1152,Bianca,60.05,pass
1153,Mary,70.54,pass
1154,Jesse,73.14,pass
1155,Tiffany,74.01,pass
1156,Sarah,88.73,pass
1157,Lauren,93.56,pass
1158,Joel,31.06,fail
1159,Kayla,95.14,pass
1160,Robert,97.32,pass
1161,Justin,44.55,pass
1162,Dana,68.04,pass
1163,Karen,58.88,pass
1164,Elizabeth,83.35,pass
1165,John,58.02,pass
1166,Abigail,61.22,pass
1167,Elizabeth,60.22,pass
1168,James,84.92,pass
1169,Bryan,48.36,pass
1170,Carrie,49.36,pass
1171,Heather,47.19,pass
1172,David,46.85,pass
1173,Michael,52.91,pass
1174,Megan,54.28,pass
1175,Mitchell,80.83,pass
1176,Colin,66.63,pass
1177,William,74.82,pass
1178,Linda,98.42,pass
1179,David,42.3,pass
1180,Andrew,78.41,pass
1181,Robert,55.78,pass
1182,Jane,89.73,pass
1183,Jared,89.77,pass
1184,Frank,67.46,pass
1185,Charles,62.32,pass
1186,Karen,51.82,pass
1187,William,62.93,pass
1188,Donald,92.38,pass
1189,Christopher,78.24,pass
1190,Renee,88.21,pass
1191,Gregory,41.17,pass
1192,Bryan,68.11,pass
1193,Toni,36.52,fail
1194,Zoe,98.93,pass
1195,William,43.76,pass
1196,Sylvia,79.71,pass
1197,Jesse,66.24,pass
1198,Matthew,87.05,pass
1199,Willie,72.93,pass
1200,Brian,38.72,fail
1201,Emily,95.21,pass
1202,Joseph,38.15,fail
1203,Frank,52.5,pass
1204,Omar,75.11,pass
1205,Brittany,30.03,fail
1206,Cameron,45.27,pass
1207,Brooke,41.8,pass
1208,Robert,32.36,fail
1209,Roger,90.03,pass
1210,David,71.22,pass
1211,David,79.37,pass
1212,Robert,70.0,pass
1213,David,78.78,pass
1214,Meredith,72.98,pass
1215,Ashley,70.93,pass
1216,Jessica,85.8,pass
1217,Tammy,59.45,pass
1218,Russell,75.76,pass
1219,Monique,99.4,pass
1220,Michael,93.14,pass
1221,Shirley,95.43,pass
1222,Amanda,41.87,pass
1223,Sharon,42.91,pass
1224,Julie,84.75,pass
1225,Larry,98.2,pass
1226,Marc,93.76,pass
1227,Jennifer,59.26,pass
1228,William,33.25,fail
1229,Michael,93.61,pass
1230,Danielle,81.97,pass
1231,Brittany,68.72,pass
1232,Timothy,71.01,pass
1233,Christina,56.17,pass
1234,Kenneth,43.54,pass
1235,Molly,77.67,pass
1236,Clayton,35.76,fail
1237,James,58.95,pass
1238,Mathew,86.07,pass
1239,Eric,41.88,pass
1240,Ricardo,59.26,pass
1241,Kyle,48.95,pass
1242,Jill,86.22,pass
1243,Christine,70.21,pass
1244,Samantha,90.11,pass
1245,John,93.03,pass
1246,Taylor,34.36,fail
1247,Lori,33.23,fail
1248,Jessica,79.1,pass
1249,Cynthia,48.02,pass
1250,Kylie,92.97,pass
1251,Jeremy,41.5,pass
1252,Nicole,56.13,pass
1253,Nathan,96.63,pass
1254,Joseph,51.64,pass
1255,Timothy,92.55,pass
1256,Patrick,48.04,pass
1257,Patrick,64.9,pass
1258,Dave,32.94,fail
1259,Tyler,44.43,pass
1260,Maria,50.3,pass
1261,Cody,65.34,pass
1262,Robert,99.63,pass
1263,James,51.45,pass
1264,Carolyn,77.64,pass
1265,Ian,86.06,pass
1266,Joshua,95.97,pass
1267,Anthony,72.37,pass
1268,Deanna,82.09,pass
1269,Jennifer,83.06,pass
1270,John,44.16,pass
1271,Linda,77.03,pass
1272,Bradley,65.18,pass
1273,Elizabeth,76.63,pass
1274,Stephanie,66.5,pass
1275,Ray,43.28,pass
1276,Kyle,74.52,pass
1277,Samantha,43.26,pass
1278,Brian,55.33,pass
1279,Holly,84.26,pass
1280,Tammy,67.75,pass
1281,Amanda,56.41,pass
1282,Stephanie,56.9,pass
1283,David,51.13,pass
1284,Kimberly,36.19,fail
1285,Henry,90.64,pass
1286,Eric,94.72,pass
1287,Tom,43.43,pass
1288,Destiny,57.93,pass
1289,Cheryl,72.03,pass
1290,Heather,79.18,pass
1291,Mallory,53.46,pass
1292,Courtney,78.01,pass
1293,Annette,91.21,pass
1294,Marilyn,30.83,fail
1295,Andrea,36.44,fail
1296,Jacqueline,61.95,pass
1297,Sean,92.46,pass
1298,Karen,36.49,fail
1299,Ann,55.26,pass
1300,James,97.02,pass
1301,Edwin,92.41,pass
1302,Samantha,45.18,pass
1303,Gregory,91.59,pass
1304,Trevor,82.87,pass
1305,Henry,94.98,pass
1306,Karen,51.18,pass
1307,Melody,97.56,pass
1308,Catherine,52.54,pass
1309,Caitlin,52.98,pass
1310,Sherri,39.46,fail
1311,Alyssa,51.65,pass
1312,Justin,66.63,pass
1313,Hannah,30.79,fail
1314,Kimberly,93.29,pass
1315,Gary,82.46,pass
1316,Mark,91.11,pass
1317,Ryan,42.52,pass
1318,Melanie,72.22,pass
1319,Benjamin,91.75,pass
1320,Michelle,38.99,fail
1321,Brent,44.45,pass
1322,Sarah,45.58,pass
1323,Keith,73.35,pass
1324,Derek,36.5,fail
1325,Stephen,79.0,pass
1326,David,99.72,pass
1327,Brian,75.88,pass
1328,Stephanie,49.25,pass
1329,Timothy,34.47,fail
1330,Kristi,70.08,pass
1331,Gary,75.59,pass
1332,Susan,73.8,pass
1333,Kimberly,47.41,pass
1334,Olivia,49.76,pass
1335,Jon,51.25,pass
1336,Daniel,88.19,pass
1337,Nicole,48.11,pass
1338,Nancy,76.19,pass
1339,Valerie,49.46,pass
1340,Cynthia,58.42,pass
1341,Melissa,99.79,pass
1342,John,58.5,pass
1343,Nathaniel,75.21,pass
1344,Mary,57.0,pass
1345,Andrew,40.55,pass
1346,Eric,47.63,pass
1347,Lori,57.31,pass
1348,Gregory,64.48,pass
1349,Leah,90.44,pass
1350,Amber,94.41,pass
1351,Anita,75.21,pass
1352,Brad,57.95,pass
1353,Valerie,42.93,pass
1354,Timothy,43.49,pass
1355,Barry,89.4,pass
1356,Deborah,32.59,fail
1357,Danielle,53.49,pass
1358,Julie,69.13,pass
1359,Charles,36.11,fail
1360,Patricia,93.48,pass
1361,Thomas,70.76,pass
1362,Carla,40.39,pass
1363,Jason,87.47,pass
1364,Claudia,68.1,pass
1365,Alice,60.13,pass
1366,Kimberly,51.52,pass
1367,Kyle,37.48,fail
1368,Amy,40.68,pass
1369,Mary,66.49,pass
1370,Sarah,47.43,pass
1371,Anthony,92.26,pass
1372,Matthew,41.82,pass
1373,Kristin,85.57,pass
1374,Jordan,86.01,pass
1375,Justin,90.66,pass
1376,Jason,71.26,pass
1377,William,96.97,pass
1378,Joshua,35.32,fail
1379,Jennifer,99.31,pass
1380,Curtis,91.86,pass
1381,James,77.88,pass
1382,Scott,35.13,fail
1383,Vicki,93.21,pass
1384,Kayla,84.96,pass
1385,Richard,38.64,fail
1386,Katherine,86.45,pass
1387,Calvin,36.88,fail
1388,Kathy,40.09,pass
1389,Albert,81.83,pass
1390,Paige,93.42,pass
1391,Connie,76.72,pass
1392,Jessica,83.41,pass
1393,Jerome,53.44,pass
1394,Connie,93.75,pass
1395,Elizabeth,70.16,pass
1396,Suzanne,36.3,fail
1397,Samuel,36.2,fail
1398,Benjamin,44.47,pass
1399,Phillip,65.53,pass
1400,Andrew,56.94,pass
1401,Andrea,51.95,pass
1402,Ryan,38.53,fail
1403,Ryan,84.86,pass
1404,Daniel,79.21,pass
1405,Alexandra,60.85,pass
1406,Justin,46.26,pass
1407,Emily,95.99,pass
1408,Matthew,44.51,pass
1409,Miranda,75.43,pass
1410,Tanner,52.46,pass
1411,Lauren,91.69,pass
1412,Matthew,50.49,pass
1413,Bonnie,56.67,pass
1414,Elizabeth,80.84,pass
1415,Wayne,93.6,pass
1416,Caroline,80.62,pass
1417,Candice,48.32,pass
1418,Melissa,78.54,pass
1419,Christopher,35.52,fail
1420,Eric,45.68,pass
1421,William,51.55,pass
1422,Jack,65.99,pass
1423,Jennifer,75.17,pass
1424,Katie,80.9,pass
1425,Michael,40.42,pass
1426,Stephanie,40.68,pass
1427,Natasha,51.35,pass
1428,Robert,50.65,pass
1429,Daniel,92.24,pass
1430,Jason,39.98,fail
1431,Jason,40.35,pass
1432,Michelle,30.95,fail
1433,Tammy,78.02,pass
1434,Jeremy,34.13,fail
1435,Kevin,67.83,pass
1436,Cheryl,50.0,pass
1437,Erika,63.03,pass
1438,Amy,49.03,pass
1439,Shawn,63.41,pass
1440,Karla,78.75,pass
1441,Katelyn,85.67,pass
1442,Michael,90.02,pass
1443,Susan,50.46,pass
1444,John,73.44,pass
1445,Jared,62.17,pass
1446,Jeremiah,79.52,pass
1447,Matthew,53.09,pass
1448,Michael,74.13,pass
1449,Sheri,80.9,pass
1450,William,49.31,pass
1451,Dan,84.33,pass
1452,Maria,50.3,pass
1453,Brenda,43.26,pass
1454,Erik,43.46,pass
1455,Brett,72.96,pass
1456,Lisa,63.1,pass
1457,Kimberly,40.98,pass
1458,Shannon,92.93,pass
1459,Jonathan,94.02,pass
1460,Tyler,30.19,fail
1461,Craig,87.13,pass
1462,Todd,83.3,pass
1463,Sara,67.29,pass
1464,Jeffrey,96.56,pass
1465,Leonard,98.94,pass
1466,Melvin,92.4,pass
1467,Michael,45.76,pass
1468,Michael,81.7,pass
1469,Dan,85.78,pass
1470,Alfred,72.6,pass
1471,Tiffany,77.89,pass
1472,Becky,56.28,pass
1473,Amber,83.51,pass
1474,Vicki,88.02,pass
1475,Linda,91.13,pass
1476,Gregory,79.28,pass
1477,Jonathan,88.95,pass
1478,Holly,30.14,fail
1479,Tom,93.54,pass
1480,Sharon,68.7,pass
1481,Crystal,81.67,pass
1482,Allison,78.97,pass
1483,Catherine,92.4,pass
1484,Brian,68.13,pass
1485,Eugene,87.49,pass
1486,Phillip,64.83,pass
1487,Kevin,33.33,fail
1488,Stacey,80.46,pass
1489,Anthony,93.79,pass
1490,Melissa,56.13,pass
1491,Desiree,78.21,pass
1492,Christine,92.45,pass
1493,Kevin,69.94,pass
1494,John,59.26,pass
1495,Fred,79.44,pass
1496,Travis,58.58,pass
1497,Alexandra,91.7,pass
1498,Matthew,67.82,pass
1499,Kenneth,36.29,fail
1500,Christopher,74.38,pass
1501,Jamie,85.51,pass
1502,Kristy,35.35,fail
1503,Alex,99.89,pass
1504,Nicholas,43.5,pass
1505,Cheryl,69.47,pass
1506,Marissa,48.94,pass
1507,Theresa,91.99,pass
1508,Craig,63.33,pass
1509,Jason,39.04,fail
1510,Tyler,93.62,pass
1511,Dennis,64.1,pass
1512,Julie,75.61,pass
1513,Allen,99.34,pass
1514,Brandy,81.32,pass
1515,Eric,85.64,pass
1516,Laura,34.4,fail
1517,Julie,93.73,pass
1518,Brent,83.51,pass
1519,Heather,97.11,pass
1520,Caitlin,67.04,pass
1521,Jeff,58.73,pass
1522,Jeffrey,41.37,pass
1523,Shawn,93.7,pass
1524,Roger,74.58,pass
1525,Kelly,42.81,pass
1526,William,66.32,pass
1527,Melinda,92.77,pass
1528,Claudia,76.83,pass
1529,Jamie,54.93,pass
1530,Dawn,44.87,pass
1531,Michelle,35.37,fail
1532,Cindy,61.2,pass
1533,John,32.39,fail
1534,Rachel,56.07,pass
1535,Kenneth,89.33,pass
1536,Michael,38.52,fail
1537,Elizabeth,39.67,fail
1538,Dominique,44.0,pass
1539,Tyler,39.49,fail
1540,Steven,52.9,pass
1541,Alice,79.99,pass
1542,Jeffrey,75.22,pass
1543,Keith,58.57,pass
1544,John,58.06,pass
1545,Patrick,90.83,pass
1546,Michelle,66.5,pass
1547,Sherri,85.58,pass
1548,Daniel,72.89,pass
1549,Kevin,87.8,pass
1550,Kimberly,97.68,pass
1551,Darren,45.88,pass
1552,Vanessa,30.76,fail
1553,Jill,83.39,pass
1554,Linda,35.66,fail
1555,Eric,45.08,pass
1556,Melissa,97.66,pass
1557,Amy,53.14,pass
1558,Michael,86.26,pass
1559,Thomas,89.87,pass
1560,Brandy,77.11,pass
1561,Eric,44.56,pass
1562,Micheal,37.76,fail
1563,Sean,43.6,pass
1564,Madison,88.34,pass
1565,Lynn,92.88,pass
1566,Wanda,89.07,pass
1567,Mark,62.69,pass
1568,Micheal,93.61,pass
1569,Rebecca,71.47,pass
1570,John,74.84,pass
1571,Jillian,64.03,pass
1572,Katherine,86.14,pass
1573,Nicole,71.0,pass
1574,Heather,35.8,fail
1575,Madeline,91.71,pass
1576,Steven,54.29,pass
1577,Ashley,46.75,pass
1578,Albert,38.78,fail
1579,Russell,48.12,pass
1580,Becky,94.24,pass
1581,Robert,30.96,fail
1582,Brian,47.57,pass
1583,Tara,65.02,pass
1584,Jerry,31.03,fail
1585,Keith,72.79,pass
1586,Tracey,57.83,pass
1587,Barbara,85.82,pass
1588,Nancy,53.91,pass
1589,Virginia,79.48,pass
1590,Steven,42.5,pass
1591,Daniel,90.21,pass
1592,Michael,77.05,pass
1593,April,49.18,pass
1594,Loretta,49.9,pass
1595,Kimberly,83.95,pass
1596,Jimmy,85.19,pass
1597,Megan,48.22,pass
1598,Rodney,83.07,pass
1599,Margaret,74.1,pass
1600,Michael,39.47,fail
1601,Debbie,31.36,fail
1602,Sarah,71.39,pass
1603,Elizabeth,72.62,pass
1604,Caroline,39.6,fail
1605,Rhonda,54.99,pass
1606,Miranda,70.65,pass
1607,Victoria,39.15,fail
1608,Jermaine,65.71,pass
1609,Cody,30.3,fail
1610,Sydney,80.99,pass
1611,Angela,35.17,fail
1612,Shawn,87.25,pass
1613,Rebecca,39.38,fail
1614,Robert,68.13,pass
1615,Michael,54.14,pass
1616,Michael,36.14,fail
1617,Jerry,75.82,pass
1618,Steven,67.51,pass
1619,Keith,83.99,pass
1620,Briana,49.21,pass
1621,Diana,63.49,pass
1622,Teresa,37.8,fail
1623,Lauren,69.8,pass
1624,Kenneth,68.57,pass
1625,Tonya,69.02,pass
1626,Maria,37.01,fail
1627,Matthew,76.57,pass
1628,Adrienne,47.95,pass
1629,Bianca,73.76,pass
1630,Andrew,60.5,pass
1631,Brianna,50.82,pass
1632,Christina,97.87,pass
1633,Dustin,87.43,pass
1634,Cathy,83.63,pass
1635,Dawn,38.83,fail
1636,Jo,67.62,pass
1637,Kelsey,81.09,pass
1638,Jennifer,63.89,pass
1639,Christopher,37.45,fail
1640,Caroline,64.23,pass
1641,Sierra,64.41,pass
1642,Jennifer,92.75,pass
1643,Anthony,61.48,pass
1644,Karen,83.77,pass
1645,Stephen,59.48,pass
1646,David,41.49,pass
1647,Amanda,58.09,pass
1648,Shari,84.73,pass
1649,Amanda,83.77,pass
1650,Joseph,42.95,pass
1651,Michael,53.95,pass
1652,Anthony,57.84,pass
1653,Evelyn,96.04,pass
1654,Ryan,86.13,pass
1655,Stephen,44.05,pass
1656,Nicholas,60.78,pass
1657,Philip,66.83,pass
1658,Adrian,48.16,pass
1659,Eric,70.38,pass
1660,Sandra,98.32,pass
1661,Nancy,52.74,pass
1662,Joseph,49.21,pass
1663,Christopher,57.82,pass
1664,Peter,61.36,pass
1665,Michelle,56.09,pass
1666,Karen,46.78,pass
1667,Jason,80.7,pass
1668,Kristine,53.23,pass
1669,Brian,61.47,pass
1670,Anna,42.82,pass
1671,Nancy,44.25,pass
1672,Crystal,83.31,pass
1673,Joyce,74.42,pass
1674,Joseph,42.19,pass
1675,Shawn,30.6,fail
1676,Veronica,53.23,pass
1677,Christopher,82.28,pass
1678,Jessica,44.56,pass
1679,Daniel,46.27,pass
1680,Hannah,55.85,pass
1681,Tracy,68.92,pass
1682,Jasmine,36.8,fail
1683,Kayla,69.21,pass
1684,Kristen,82.13,pass
1685,Theresa,50.64,pass
1686,Andrea,65.38,pass
1687,Sylvia,48.48,pass
1688,Alexa,70.79,pass
1689,Lori,42.67,pass
1690,Kyle,54.52,pass
1691,Henry,90.01,pass
1692,David,72.91,pass
1693,Katherine,91.57,pass
1694,Kimberly,74.25,pass
1695,Eric,31.78,fail
1696,Steve,66.17,pass
1697,Darlene,90.46,pass
1698,Michael,37.12,fail
1699,Michelle,52.76,pass
1700,Anna,52.09,pass
1701,Crystal,50.6,pass
1702,David,75.74,pass
1703,Jason,76.3,pass
1704,Michael,89.6,pass
1705,Maureen,64.57,pass
1706,Sean,77.45,pass
1707,Martha,41.14,pass
1708,Jennifer,80.42,pass
1709,Cynthia,44.17,pass
1710,Kristen,67.19,pass
1711,Timothy,36.14,fail
1712,Vanessa,54.83,pass
1713,Katherine,78.58,pass
1714,Kelly,35.65,fail
1715,John,84.55,pass
1716,Whitney,72.64,pass
1717,Latoya,74.38,pass
1718,Melissa,38.73,fail
1719,Brandy,62.9,pass
1720,Alexander,33.34,fail
1721,Carolyn,82.49,pass
1722,Heather,48.23,pass
1723,William,34.54,fail
1724,Jamie,76.51,pass
1725,Linda,98.3,pass
1726,Robert,81.99,pass
1727,Teresa,42.49,pass
1728,Nicholas,53.69,pass
1729,Katie,93.83,pass
1730,Michaela,53.94,pass
1731,Andrew,69.94,pass
1732,Patty,36.14,fail
1733,Maria,37.87,fail
1734,Rachel,76.11,pass
1735,Daniel,98.55,pass
1736,Lynn,78.58,pass
1737,Jonathan,71.98,pass
1738,Kathleen,71.41,pass
1739,Bobby,76.23,pass
1740,Curtis,64.9,pass
1741,Elizabeth,30.88,fail
1742,Jennifer,37.05,fail
1743,Roy,39.81,fail
1744,Danielle,50.51,pass
1745,Damon,30.04,fail
1746,Joseph,31.49,fail
1747,Cassandra,96.26,pass
1748,Derek,43.56,pass
1749,Terrence,95.9,pass
1750,Kimberly,47.65,pass
1751,Christian,60.44,pass
1752,Ryan,73.5,pass
1753,Mary,37.54,fail
1754,Timothy,92.77,pass
1755,Philip,30.46,fail
1756,Samuel,96.65,pass
1757,Andrew,62.14,pass
1758,Matthew,53.9,pass
1759,Brittany,76.08,pass
1760,Stephanie,90.58,pass
1761,Timothy,33.68,fail
1762,Michael,56.23,pass
1763,Michael,37.92,fail
1764,Amber,59.29,pass
1765,Jeremy,57.2,pass
1766,Isabella,91.91,pass
1767,Ronald,93.03,pass
1768,Amber,51.46,pass
1769,James,32.95,fail
1770,Thomas,42.69,pass
1771,Holly,57.8,pass
1772,Roy,83.19,pass
1773,Jennifer,35.21,fail
1774,Peter,75.45,pass
1775,Timothy,34.71,fail
1776,Brandon,93.41,pass
1777,Lisa,60.55,pass
1778,Edward,53.94,pass
1779,Krista,94.62,pass
1780,Tanya,32.28,fail
1781,Michelle,90.88,pass
1782,Juan,47.4,pass
1783,Joseph,92.08,pass
1784,Terri,72.82,pass
1785,Justin,46.33,pass
1786,Justin,78.98,pass
1787,Denise,74.73,pass
1788,Lee,77.43,pass
1789,Todd,47.55,pass
1790,Jennifer,92.49,pass
1791,Lisa,78.94,pass
1792,Paige,51.43,pass
1793,Steven,43.46,pass
1794,Pamela,89.99,pass
1795,James,83.04,pass
1796,Nicholas,49.52,pass
1797,Jeremy,88.14,pass
1798,Tracy,80.14,pass
1799,Brian,88.86,pass
1800,Anthony,37.57,fail
1801,Carla,56.24,pass
1802,Michael,71.47,pass
1803,Michelle,53.82,pass
1804,Mary,81.76,pass
1805,Susan,57.03,pass
1806,Paul,83.03,pass
1807,Monica,93.95,pass
1808,Herbert,33.52,fail
1809,Ronald,37.98,fail
1810,Daniel,47.49,pass
1811,Brianna,76.18,pass
1812,William,96.58,pass
1813,Jon,87.7,pass
1814,Jodi,46.41,pass
1815,David,63.75,pass
1816,Haley,65.64,pass
1817,Annette,83.9,pass
1818,David,55.99,pass
1819,Kristi,85.42,pass
1820,Linda,93.91,pass
1821,Perry,60.39,pass
1822,Ryan,47.85,pass
1823,Abigail,77.06,pass
1824,Carolyn,51.22,pass
1825,Kari,99.57,pass
1826,Krista,79.67,pass
1827,Joseph,72.52,pass
1828,Victoria,39.02,fail
1829,Sean,44.7,pass
1830,Jason,77.12,pass
1831,Robin,60.69,pass
1832,Amanda,99.16,pass
1833,Sarah,63.21,pass
1834,Melissa,40.74,pass
1835,Cody,82.27,pass
1836,Joel,47.26,pass
1837,Matthew,75.8,pass
1838,Micheal,59.15,pass
1839,Fred,71.83,pass
1840,Elizabeth,51.09,pass
1841,Erica,52.65,pass
1842,Amy,91.36,pass
1843,Matthew,88.42,pass
1844,Joshua,86.95,pass
1845,Eric,62.14,pass
1846,Daniel,97.9,pass
1847,Andrea,93.16,pass
1848,Jennifer,98.74,pass
1849,Jonathan,30.93,fail
1850,Scott,31.73,fail
1851,Michael,44.17,pass
1852,Cassandra,56.66,pass
1853,Susan,87.66,pass
1854,Susan,82.67,pass
1855,Michelle,47.12,pass
1856,Michael,90.11,pass
1857,Sherry,76.23,pass
1858,Mark,68.96,pass
1859,Larry,33.55,fail
1860,Gary,78.71,pass
1861,Sherry,90.6,pass
1862,Mary,85.27,pass
1863,Robert,50.25,pass
1864,Darryl,85.74,pass
1865,Nancy,71.11,pass
1866,Sarah,39.81,fail
1867,Carlos,64.41,pass
1868,Deborah,54.03,pass
1869,Randy,43.15,pass
1870,Daniel,93.21,pass
1871,John,89.59,pass
1872,Lynn,79.89,pass
1873,David,88.46,pass
1874,Gary,53.16,pass
1875,Joseph,53.67,pass
1876,Steven,83.28,pass
1877,Todd,94.0,pass
1878,Connor,36.58,fail
1879,Brian,43.21,pass
1880,Katie,74.94,pass
1881,Beth,77.97,pass
1882,Stephanie,45.7,pass
1883,Cynthia,72.8,pass
1884,Kathryn,67.88,pass
1885,Jeanne,98.36,pass
1886,Yesenia,50.95,pass
1887,Debra,67.68,pass
1888,James,30.28,fail
1889,Stephanie,78.13,pass
1890,Riley,36.42,fail
1891,Rodney,98.23,pass
1892,Rebekah,51.23,pass
1893,Gabriel,83.41,pass
1894,Gregory,88.93,pass
1895,Lauren,34.0,fail
1896,James,68.92,pass
1897,Dawn,62.33,pass
1898,Tammy,41.7,pass
1899,Richard,42.85,pass
1900,Brandon,43.68,pass
1901,Brenda,50.47,pass
1902,Andrea,65.64,pass
1903,Stephanie,81.69,pass
1904,Parker,58.9,pass
1905,Jennifer,73.41,pass
1906,Kaylee,72.78,pass
1907,Christopher,59.88,pass
1908,Michael,96.05,pass
1909,Gregory,60.33,pass
1910,Aaron,46.74,pass
1911,John,34.2,fail
1912,Donald,57.63,pass
1913,Diana,50.52,pass
1914,Chelsea,37.08,fail
1915,Amanda,75.73,pass
1916,Roy,69.59,pass
1917,Tyler,83.72,pass
1918,Sherry,60.11,pass
1919,Christopher,64.1,pass
1920,Timothy,74.39,pass
1921,Douglas,86.41,pass
1922,Latoya,94.38,pass
1923,Michelle,84.37,pass
1924,Ashley,32.44,fail
1925,Veronica,34.26,fail
1926,Randy,32.77,fail
1927,Dustin,57.01,pass
1928,Colton,55.4,pass
1929,Courtney,97.3,pass
1930,Xavier,96.38,pass
1931,John,86.81,pass
1932,Jack,67.92,pass
1933,John,84.66,pass
1934,Richard,31.1,fail
1935,Lauren,54.21,pass
1936,Nicholas,82.17,pass
1937,Veronica,97.48,pass
1938,Robert,73.71,pass
1939,Katie,77.82,pass
1940,Jenna,86.37,pass
1941,Amy,81.19,pass
1942,Cheryl,77.28,pass
1943,Edward,60.21,pass
1944,Kelsey,92.37,pass
1945,Laura,70.35,pass
1946,Dawn,34.48,fail
1947,David,89.57,pass
1948,Charles,36.56,fail
1949,Debra,46.58,pass
1950,Erin,87.51,pass
1951,Donald,92.38,pass
1952,Brian,88.13,pass
1953,Sherry,91.01,pass
1954,Drew,55.58,pass
1955,Danielle,35.61,fail
1956,Charles,56.93,pass
1957,Amy,56.25,pass
1958,Steven,85.84,pass
1959,Jennifer,84.79,pass
1960,Michael,68.23,pass
1961,Richard,63.42,pass
1962,Michael,34.82,fail
1963,Wendy,39.23,fail
1964,Riley,60.7,pass
1965,John,91.51,pass
1966,Frank,49.51,pass
1967,Jennifer,68.33,pass
1968,Austin,74.65,pass
1969,Michelle,89.99,pass
1970,Cheryl,84.65,pass
1971,Thomas,30.73,fail
1972,Amy,82.08,pass
1973,Mariah,57.9,pass
1974,Tammy,86.88,pass
1975,James,62.51,pass
1976,Cynthia,37.52,fail
1977,Stephanie,52.52,pass
1978,Kelly,46.88,pass
1979,Joseph,36.83,fail
1980,Melissa,61.99,pass
1981,Jason,61.35,pass
1982,Brittany,30.56,fail
1983,Travis,74.48,pass
1984,Ryan,84.85,pass
1985,Brian,91.59,pass
1986,Shawna,62.26,pass
1987,Christopher,67.16,pass
1988,Brad,97.64,pass
1989,Mary,82.87,pass
1990,Joseph,36.2,fail
1991,David,75.18,pass
1992,Christopher,33.18,fail
1993,Julie,31.76,fail
1994,Sara,94.23,pass
1995,James,64.84,pass
1996,James,34.78,fail
1997,Brandy,55.6,pass
1998,Glenda,46.33,pass
1999,Melissa,63.22,pass
2000,Allison,39.62,fail
2001,Jennifer,43.39,pass
2002,Jeremy,99.2,pass
2003,Angela,43.3,pass
2004,Laura,85.79,pass
2005,Cindy,63.93,pass
2006,Kimberly,38.94,fail
2007,Cory,65.42,pass
2008,David,64.5,pass
2009,Christine,40.83,pass
2010,Felicia,57.35,pass
2011,Kimberly,79.07,pass
2012,Tara,51.79,pass
2013,Anthony,56.66,pass
2014,Andrew,77.68,pass
2015,Laura,38.37,fail
2016,Calvin,56.61,pass
2017,Rita,62.66,pass
2018,Antonio,78.53,pass
2019,Katherine,71.81,pass
2020,Autumn,68.53,pass
2021,Sherry,46.91,pass
2022,Jesus,34.01,fail
2023,Michael,99.47,pass
2024,Timothy,68.6,pass
2025,Charles,98.88,pass
2026,Phyllis,86.15,pass
2027,Sara,70.01,pass
2028,Christine,88.68,pass
2029,Duane,98.5,pass
2030,Mary,87.02,pass
2031,Jessica,85.37,pass
2032,Paul,62.95,pass
2033,Debra,30.01,fail
2034,Michael,35.7,fail
2035,James,52.04,pass
2036,Matthew,54.96,pass
2037,Michael,54.51,pass
2038,Jonathan,47.25,pass
2039,Sherry,71.59,pass
2040,Mary,81.74,pass
2041,Christian,67.93,pass
2042,Eric,72.63,pass
2043,Claudia,53.6,pass
2044,Joseph,94.3,pass
2045,Stephanie,91.62,pass
2046,William,38.37,fail
2047,Michael,61.19,pass
2048,George,74.17,pass
2049,Briana,99.23,pass
2050,William,63.15,pass
2051,Jamie,34.23,fail
2052,Joseph,35.96,fail
2053,Denise,99.02,pass
2054,Heather,76.64,pass
2055,David,91.88,pass
2056,Amanda,36.32,fail
2057,Glenn,31.88,fail
2058,Michelle,60.66,pass
2059,Miranda,71.87,pass
2060,Kimberly,71.48,pass
2061,Jacob,73.53,pass
2062,Mary,52.16,pass
2063,Walter,83.18,pass
2064,Michael,62.84,pass
2065,Austin,78.19,pass
2066,Shawn,60.91,pass
2067,Katherine,58.62,pass
2068,Natalie,66.74,pass
2069,Tami,38.52,fail
2070,Jonathan,42.74,pass
2071,Christopher,55.33,pass
2072,Cynthia,98.77,pass
2073,Lance,90.08,pass
2074,Melissa,39.69,fail
2075,Cheryl,56.82,pass
2076,Melinda,83.04,pass
2077,Richard,35.71,fail
2078,Cynthia,60.5,pass
2079,Connie,59.93,pass
2080,Kathryn,67.37,pass
2081,Justin,91.61,pass
2082,Jay,60.3,pass
2083,Samuel,62.97,pass
2084,Albert,61.87,pass
2085,Ryan,30.21,fail
2086,Joshua,37.37,fail
2087,Katie,69.77,pass
2088,Eduardo,59.43,pass
2089,Erin,57.89,pass
2090,Nancy,37.28,fail
2091,Thomas,94.74,pass
2092,Beth,31.02,fail
2093,Sally,68.05,pass
2094,Rachel,97.09,pass
2095,Stephanie,41.68,pass
2096,Sharon,83.89,pass
2097,Diana,35.62,fail
2098,Jessica,40.45,pass
2099,Kevin,32.42,fail
2100,Jill,97.31,pass
2101,Keith,80.74,pass
2102,Suzanne,73.86,pass
2103,Gabriel,68.93,pass
2104,Matthew,33.04,fail
2105,Bryan,70.49,pass
2106,Amanda,31.38,fail
2107,Marisa,43.46,pass
2108,Justin,51.52,pass
2109,Anthony,76.3,pass
2110,Deborah,83.89,pass
2111,Anthony,38.26,fail
2112,Brittany,80.82,pass
2113,Henry,80.64,pass
2114,Jim,79.71,pass
2115,Kaitlyn,64.22,pass
2116,Scott,79.5,pass
2117,Mary,36.75,fail
2118,David,98.89,pass
2119,David,39.78,fail
2120,Taylor,85.54,pass
2121,Austin,62.48,pass
2122,John,64.84,pass
2123,Kelly,47.34,pass
2124,Karen,41.22,pass
2125,Jacqueline,78.74,pass
2126,Robert,73.01,pass
2127,Charles,94.3,pass
2128,Regina,42.47,pass
2129,Danielle,89.51,pass
2130,Pamela,50.26,pass
2131,Brian,48.03,pass
2132,John,78.4,pass
2133,James,63.41,pass
2134,David,53.49,pass
2135,Benjamin,55.71,pass
2136,Ashley,30.24,fail
2137,Isaac,34.28,fail
2138,Julia,83.34,pass
2139,Sara,30.24,fail
2140,John,92.18,pass
2141,Richard,67.04,pass
2142,Dean,59.93,pass
2143,Michael,58.88,pass
2144,Stephen,64.69,pass
2145,Hannah,41.39,pass
2146,Crystal,53.44,pass
2147,Carrie,97.17,pass
2148,Miranda,46.56,pass
2149,Angela,42.47,pass
2150,Brittany,82.54,pass
2151,James,87.77,pass
2152,Alicia,74.06,pass
2153,Vincent,66.78,pass
2154,Eric,85.5,pass
2155,Amy,67.25,pass
2156,Brian,89.3,pass
2157,Kimberly,83.9,pass
2158,Amy,77.02,pass
2159,Brittany,96.53,pass
2160,Amber,93.72,pass
2161,Misty,73.0,pass
2162,Paula,82.32,pass
2163,Denise,80.84,pass
2164,Tristan,61.68,pass
2165,Ann,58.2,pass
2166,William,58.07,pass
2167,Julie,84.39,pass
2168,Ronald,84.95,pass
2169,Mary,40.41,pass
2170,Justin,75.96,pass
2171,Joseph,35.22,fail
2172,Colleen,89.94,pass
2173,Ashley,35.26,fail
2174,Brianna,58.26,pass
2175,Douglas,47.41,pass
2176,Cynthia,88.77,pass
2177,Kathleen,45.47,pass
2178,Amy,94.65,pass
2179,Tonya,99.75,pass
2180,Ashley,60.64,pass
2181,Patricia,40.22,pass
2182,Lawrence,68.54,pass
2183,Brian,45.77,pass
2184,Jason,78.52,pass
2185,Jennifer,98.97,pass
2186,Johnny,35.34,fail
2187,Jessica,76.6,pass
2188,Emily,68.81,pass
2189,Erica,34.16,fail
2190,Rose,39.78,fail
2191,Christian,52.58,pass
2192,Stephanie,70.48,pass
2193,Deborah,36.43,fail
2194,Tracy,62.26,pass
2195,Alejandro,31.37,fail
2196,Samantha,62.19,pass
2197,Tyler,53.27,pass
2198,Robert,97.77,pass
2199,Nathan,91.91,pass
2200,Marcus,35.83,fail
2201,Alyssa,40.56,pass
2202,Anthony,46.34,pass
2203,George,51.08,pass
2204,Stephen,49.53,pass
2205,James,59.83,pass
2206,Michael,30.35,fail
2207,Linda,38.7,fail
2208,Christy,98.97,pass
2209,David,71.85,pass
2210,Bruce,36.65,fail
2211,Andrea,97.17,pass
2212,Heather,95.67,pass
2213,Sarah,42.6,pass
2214,Timothy,91.64,pass
2215,Zachary,33.48,fail
2216,Melissa,58.16,pass
2217,Alexis,81.5,pass
2218,Parker,71.57,pass
2219,Amanda,81.32,pass
2220,Dorothy,38.82,fail
2221,Jamie,57.91,pass
2222,Charles,72.24,pass
2223,Trevor,55.9,pass
2224,Anthony,41.28,pass
2225,Abigail,36.73,fail
2226,Mark,83.09,pass
2227,Aaron,36.52,fail
2228,Michael,59.14,pass
2229,Peter,46.98,pass
2230,Brandon,47.49,pass
2231,Tina,45.11,pass
2232,Rodney,93.53,pass
2233,Julia,83.2,pass
2234,Kyle,58.49,pass
2235,Cynthia,71.25,pass
2236,Anthony,44.91,pass
2237,Jamie,99.76,pass
2238,Eric,85.62,pass
2239,Lauren,70.87,pass
2240,Joshua,88.58,pass
2241,Crystal,44.1,pass
2242,Melissa,76.1,pass
2243,Richard,53.31,pass
2244,Isaiah,55.94,pass
2245,Angela,97.33,pass
2246,Melissa,69.94,pass
2247,Rebecca,76.14,pass
2248,Crystal,81.88,pass
2249,Elizabeth,36.92,fail
2250,Virginia,70.09,pass
2251,Rachel,92.84,pass
2252,Matthew,39.3,fail
2253,Krista,34.94,fail
2254,Trevor,58.09,pass
2255,Tonya,66.85,pass
2256,Kenneth,56.12,pass
2257,Dale,33.07,fail
2258,Colin,56.09,pass
2259,Sherry,34.66,fail
2260,Daniel,78.0,pass
2261,David,68.3,pass
2262,Larry,86.29,pass
2263,Alicia,82.38,pass
2264,Danielle,51.7,pass
2265,Tammy,32.19,fail
2266,William,87.2,pass
2267,Andrew,97.14,pass
2268,Kayla,40.34,pass
2269,Thomas,70.14,pass
2270,Kenneth,72.59,pass
2271,Katie,76.9,pass
2272,Mark,84.6,pass
2273,Brittany,53.92,pass
2274,David,39.94,fail
2275,Gregory,89.02,pass
2276,Nicholas,97.13,pass
2277,Kelly,92.07,pass
2278,Adam,49.3,pass
2279,Jessica,77.89,pass
2280,James,33.97,fail
2281,Casey,45.47,pass
2282,Joshua,37.25,fail
2283,Katherine,55.9,pass
2284,Tanner,57.29,pass
2285,Stephanie,70.9,pass
2286,John,87.93,pass
2287,Dawn,83.66,pass
2288,Amy,80.58,pass
2289,Brian,77.32,pass
2290,Kevin,80.88,pass
2291,Amy,55.97,pass
2292,Stephen,38.46,fail
2293,David,92.61,pass
2294,Jeremiah,32.21,fail
2295,Steven,59.39,pass
2296,Steven,34.22,fail
2297,Jaime,42.21,pass
2298,James,78.19,pass
2299,Daniel,94.91,pass
2300,Lori,53.14,pass
2301,Lacey,49.04,pass
2302,Penny,44.44,pass
2303,Laura,61.13,pass
2304,Joseph,30.45,fail
2305,Kristina,93.29,pass
2306,Thomas,57.73,pass
2307,Carla,45.48,pass
2308,Amy,95.36,pass
2309,Alyssa,47.73,pass
2310,Michael,38.53,fail
2311,Jennifer,57.89,pass
2312,Richard,41.46,pass
2313,Stephanie,62.34,pass
2314,Amanda,31.92,fail
2315,Wendy,76.43,pass
2316,Tiffany,39.74,fail
2317,Adam,48.82,pass
2318,Alexander,66.37,pass
2319,Karen,38.25,fail
2320,John,45.7,pass
2321,Teresa,89.21,pass
2322,Michael,37.58,fail
2323,Scott,36.0,fail
2324,Kimberly,93.56,pass
2325,Tammy,85.78,pass
2326,Cheryl,88.54,pass
2327,Charles,30.21,fail
2328,Eric,42.31,pass
2329,Nicholas,49.2,pass
2330,Erik,31.82,fail
2331,Jacqueline,92.43,pass
2332,Julie,75.5,pass
2333,Patrick,84.02,pass
2334,Beverly,73.01,pass
2335,Cory,61.02,pass
2336,Christine,32.01,fail
2337,Michelle,56.08,pass
2338,Thomas,51.04,pass
2339,Eddie,72.82,pass
2340,Jennifer,44.17,pass
2341,Pamela,52.53,pass
2342,Travis,68.82,pass
2343,James,46.88,pass
2344,Angie,55.36,pass
2345,Sean,82.49,pass
2346,Taylor,43.99,pass
2347,Ashley,86.84,pass
2348,Mark,99.67,pass
2349,Linda,44.02,pass
2350,Sierra,40.61,pass
2351,Madeline,90.02,pass
2352,Heather,88.25,pass
2353,Stephen,44.93,pass
2354,Kimberly,86.24,pass
2355,Clayton,45.26,pass
2356,Christopher,39.46,fail
2357,Joshua,93.23,pass
2358,John,50.84,pass
2359,Erika,30.3,fail
2360,Kenneth,89.96,pass
2361,Scott,87.39,pass
2362,Thomas,38.02,fail
2363,Kimberly,62.64,pass
2364,Sean,87.0,pass
2365,David,57.43,pass
2366,Tony,71.74,pass
2367,Michael,88.25,pass
2368,Ryan,74.53,pass
2369,Eric,86.29,pass
2370,Darlene,94.98,pass
2371,Sharon,73.53,pass
2372,Barbara,59.15,pass
2373,Megan,96.81,pass
2374,Dustin,73.07,pass
2375,Chad,36.29,fail
2376,Joe,92.7,pass
2377,Mark,80.9,pass
2378,Maria,62.14,pass
2379,Juan,93.96,pass
2380,Bradley,42.98,pass
2381,Steven,64.24,pass
2382,Diana,52.18,pass
2383,Stephanie,31.93,fail
2384,Kristi,91.61,pass
2385,Emily,70.33,pass
2386,Nicole,72.12,pass
2387,Nicholas,87.49,pass
2388,Nicholas,66.65,pass
2389,Malik,83.62,pass
2390,Kelly,52.92,pass
2391,Michael,73.42,pass
2392,Lisa,33.16,fail
2393,Paul,88.82,pass
2394,Leslie,62.42,pass
2395,Jennifer,67.49,pass
2396,Jeremy,50.22,pass
2397,Tammy,50.76,pass
2398,Julie,63.43,pass
2399,Jeremiah,36.38,fail
2400,Robert,73.93,pass
2401,Jonathan,92.64,pass
2402,Scott,73.6,pass
2403,Stephanie,50.61,pass
2404,Rebecca,36.58,fail
2405,Larry,75.2,pass
2406,Laurie,70.25,pass
2407,Maria,43.07,pass
2408,Kayla,50.03,pass
2409,Kara,89.82,pass
2410,Mark,94.32,pass
2411,Linda,82.25,pass
2412,Melvin,95.21,pass
2413,James,82.83,pass
2414,Elizabeth,48.26,pass
2415,Leslie,59.16,pass
2416,Kevin,89.21,pass
2417,Ashley,43.55,pass
2418,Adam,89.51,pass
2419,Alyssa,49.19,pass
2420,Mary,38.43,fail
2421,Ebony,72.72,pass
2422,Travis,60.88,pass
2423,Michael,57.81,pass
2424,Lauren,30.03,fail
2425,Christina,32.78,fail
2426,Sandra,32.24,fail
2427,Laura,93.27,pass
2428,Russell,36.1,fail
2429,Elizabeth,75.41,pass
2430,Jennifer,88.4,pass
2431,Tommy,60.09,pass
2432,Evelyn,82.75,pass
2433,Dawn,40.49,pass
2434,Cynthia,53.81,pass
2435,Peter,58.19,pass
2436,Whitney,67.46,pass
2437,Tami,83.82,pass
2438,Danny,46.38,pass
2439,James,99.62,pass
2440,Mario,35.33,fail
2441,Nicholas,37.38,fail
2442,Kathryn,51.43,pass
2443,Brian,57.53,pass
2444,Nicole,73.39,pass
2445,John,95.89,pass
2446,David,37.11,fail
2447,Mark,43.67,pass
2448,Lauren,89.42,pass
2449,Randy,79.66,pass
2450,Karen,56.67,pass
2451,Wesley,44.23,pass
2452,Frank,33.56,fail
2453,John,98.1,pass
2454,Kelly,83.16,pass
2455,Whitney,40.88,pass
2456,Sara,57.34,pass
2457,Richard,84.91,pass
2458,Laura,61.89,pass
2459,Natalie,63.19,pass
2460,Pamela,31.63,fail
2461,Bailey,72.5,pass
2462,Lisa,97.78,pass
2463,Michael,77.64,pass
2464,Todd,30.28,fail
2465,Karen,97.54,pass
2466,Harry,57.5,pass
2467,Robert,35.97,fail
2468,Samantha,96.23,pass
2469,Dakota,69.77,pass
2470,Morgan,79.16,pass
2471,Elizabeth,78.7,pass
2472,Thomas,96.17,pass
2473,Brandon,66.29,pass
2474,Duane,49.46,pass
2475,Jacqueline,39.9,fail
2476,Daniel,77.14,pass
2477,Stephanie,43.54,pass
2478,Rachel,76.75,pass
2479,Raven,60.41,pass
2480,Cody,81.06,pass
2481,Sean,30.71,fail
2482,Karen,79.7,pass
2483,Mark,68.72,pass
2484,Amber,60.48,pass
2485,Brandon,57.37,pass
2486,William,78.92,pass
2487,Kara,62.66,pass
2488,Ronnie,43.41,pass
2489,Patrick,93.87,pass
2490,Kaylee,74.53,pass
2491,Christopher,83.44,pass
2492,Steve,41.34,pass
2493,Noah,92.7,pass
2494,John,73.05,pass
2495,Sydney,86.42,pass
2496,Tara,37.72,fail
2497,Ruth,76.18,pass
2498,Tyler,43.6,pass
2499,Jeremy,64.26,pass
2500,Nicholas,44.65,pass
2501,Marc,52.1,pass
2502,Melissa,83.36,pass
2503,Amanda,64.98,pass
2504,Brandon,75.8,pass
2505,Jeremy,97.51,pass
2506,Kevin,73.41,pass
2507,Nicholas,88.31,pass
2508,Kenneth,83.78,pass
2509,Ruth,40.32,pass
2510,Timothy,44.46,pass
2511,Mark,82.19,pass
2512,Kayla,48.92,pass
2513,Tammy,66.41,pass
2514,Charles,71.49,pass
2515,Frank,45.38,pass
2516,Carlos,50.58,pass
2517,Nicole,59.83,pass
2518,Daniel,52.81,pass
2519,Judy,71.61,pass
2520,Colleen,55.69,pass
2521,Janet,96.61,pass
2522,Dylan,72.7,pass
2523,Frank,66.67,pass
2524,Gabriel,53.65,pass
2525,Matthew,58.55,pass
2526,Keith,65.87,pass
2527,Charles,62.84,pass
2528,Tracy,83.94,pass
2529,Steven,69.45,pass
2530,Christopher,70.06,pass
2531,Juan,88.81,pass
2532,Matthew,93.77,pass
2533,Molly,88.09,pass
2534,Jose,83.02,pass
2535,Stephen,43.75,pass
2536,Amanda,79.49,pass
2537,Lauren,96.21,pass
2538,Justin,99.26,pass
2539,Steven,46.48,pass
2540,Ralph,92.52,pass
2541,Amy,77.9,pass
2542,Michael,53.59,pass
2543,Frank,89.97,pass
2544,Daniel,87.3,pass
2545,Perry,82.45,pass
2546,John,43.46,pass
2547,Amanda,98.4,pass
2548,Sharon,54.18,pass
2549,Seth,71.3,pass
2550,Madison,78.04,pass
2551,Wendy,30.22,fail
2552,Maria,87.51,pass
2553,Isaac,99.45,pass
2554,Brian,98.0,pass
2555,Edward,41.67,pass
2556,Yvonne,50.24,pass
2557,Sarah,52.88,pass
2558,Tracy,84.13,pass
2559,Nicole,60.39,pass
2560,Katie,58.62,pass
2561,Tara,76.7,pass
2562,Sean,34.82,fail
2563,John,70.84,pass
2564,Amber,51.08,pass
2565,Brandy,78.06,pass
2566,Drew,47.87,pass
2567,Ruth,33.27,fail
2568,James,46.06,pass
2569,Luke,45.51,pass
2570,Kevin,30.99,fail
2571,Matthew,85.14,pass
2572,Christopher,60.93,pass
2573,Janet,71.47,pass
2574,Daniel,89.23,pass
2575,Jeffrey,73.48,pass
2576,Monica,47.12,pass
2577,Jonathan,48.74,pass
2578,Samantha,71.22,pass
2579,Richard,94.45,pass
2580,Christopher,78.03,pass
2581,Nicole,31.46,fail
2582,Lee,46.23,pass
2583,Anthony,88.03,pass
2584,Matthew,51.31,pass
2585,Kelly,97.41,pass
2586,Thomas,33.2,fail
2587,Christina,78.33,pass
2588,Jacob,65.65,pass
2589,William,40.47,pass
2590,Andrew,75.32,pass
2591,Megan,95.28,pass
2592,Patricia,58.66,pass
2593,Amanda,88.3,pass
2594,Timothy,63.04,pass
2595,Raven,44.81,pass
2596,Jared,45.17,pass
2597,Ryan,35.16,fail
2598,Kelly,81.27,pass
2599,Madison,45.85,pass
2600,Steven,95.65,pass
2601,Nathan,34.97,fail
2602,Brandon,91.14,pass
2603,Amy,54.21,pass
2604,Heather,73.71,pass
2605,Jason,82.39,pass
2606,Dylan,61.11,pass
2607,Blake,64.13,pass
2608,Gary,65.71,pass
2609,Kelly,82.91,pass
2610,Alexander,90.86,pass
2611,John,90.46,pass
2612,Angel,39.95,fail
2613,Tonya,63.79,pass
2614,Jeffrey,30.88,fail
2615,Ronald,56.24,pass
2616,Amanda,76.7,pass
2617,Amy,80.59,pass
2618,William,54.36,pass
2619,Shawn,71.63,pass
2620,Abigail,54.69,pass
2621,Julie,73.7,pass
2622,Darlene,94.51,pass
2623,Kara,92.22,pass
2624,Lisa,41.82,pass
2625,Colleen,55.73,pass
2626,Steven,69.66,pass
2627,Maria,96.97,pass
2628,Nicole,82.54,pass
2629,John,72.74,pass
2630,Wanda,41.94,pass
2631,Michael,98.4,pass
2632,David,34.2,fail
2633,Lynn,82.01,pass
2634,Cody,30.04,fail
2635,Amy,66.51,pass
2636,Julie,37.51,fail
2637,Joshua,84.97,pass
2638,Samantha,75.47,pass
2639,Joanna,56.79,pass
2640,David,47.79,pass
2641,Kenneth,43.15,pass
2642,Adam,59.2,pass
2643,Stephanie,98.29,pass
2644,Heather,32.27,fail
2645,Kyle,65.92,pass
2646,Christopher,69.95,pass
2647,Keith,49.78,pass
2648,Samuel,31.84,fail
2649,Jeremy,92.72,pass
2650,Michael,31.39,fail
2651,Wesley,32.03,fail
2652,Melissa,79.36,pass
2653,John,35.72,fail
2654,Brittany,45.72,pass
2655,Jessica,72.09,pass
2656,Michelle,57.77,pass
2657,Nathaniel,85.76,pass
2658,Melissa,50.55,pass
2659,Nicholas,91.37,pass
2660,Savannah,94.95,pass
2661,Christina,74.55,pass
2662,Traci,66.32,pass
2663,Sarah,96.9,pass
2664,Brandi,62.6,pass
2665,James,55.61,pass
2666,Leonard,50.71,pass
2667,Kathy,36.84,fail
2668,Joshua,77.8,pass
2669,Alan,60.74,pass
2670,Alexander,37.7,fail
2671,Samantha,77.03,pass
2672,Jessica,69.83,pass
2673,Trevor,52.13,pass
2674,Deborah,82.06,pass
2675,Connie,51.96,pass
2676,Heather,67.45,pass
2677,Margaret,61.4,pass
2678,Kevin,75.65,pass
2679,Jordan,67.58,pass
2680,Emily,72.43,pass
2681,Richard,74.53,pass
2682,Robert,74.51,pass
2683,Victoria,59.67,pass
2684,Jacqueline,89.24,pass
2685,Brian,83.09,pass
2686,Jennifer,61.46,pass
2687,Stacy,61.01,pass
2688,Anne,32.49,fail
2689,Lorraine,46.16,pass
2690,Kristen,34.77,fail
2691,Brian,32.32,fail
2692,Raymond,30.48,fail
2693,Jenny,65.52,pass
2694,David,81.27,pass
2695,Amanda,80.71,pass
2696,Stephen,88.03,pass
2697,Kathleen,57.95,pass
2698,Randall,50.13,pass
2699,Derek,48.03,pass
2700,Anthony,34.77,fail
2701,Cheryl,77.58,pass
2702,Kyle,59.7,pass
2703,Emily,66.7,pass
2704,Rebecca,61.16,pass
2705,Daniel,58.93,pass
2706,Jordan,35.18,fail
2707,Jose,57.07,pass
2708,Anthony,82.45,pass
2709,Mark,71.33,pass
2710,Aaron,40.33,pass
2711,Anthony,42.87,pass
2712,Tammy,79.36,pass
2713,Jeffrey,41.86,pass
2714,Beth,64.69,pass
2715,Linda,78.11,pass
2716,Beth,68.1,pass
2717,Louis,68.95,pass
2718,Brian,44.0,pass
2719,Robert,44.23,pass
2720,James,35.07,fail
2721,Jasmine,78.07,pass
2722,David,30.49,fail
2723,Nancy,62.99,pass
2724,Tyler,42.54,pass
2725,Jennifer,58.98,pass
2726,Kelly,97.09,pass
2727,Erik,50.03,pass
2728,Patricia,59.06,pass
2729,Debra,45.05,pass
2730,James,93.31,pass
2731,Kyle,63.43,pass
2732,Andrew,39.69,fail
2733,Morgan,33.73,fail
2734,Jessica,54.24,pass
2735,Victoria,38.09,fail
2736,Fernando,77.95,pass
2737,Nicole,48.38,pass
2738,Stephen,83.04,pass
2739,Renee,37.6,fail
2740,Meagan,52.43,pass
2741,Veronica,34.46,fail
2742,Erika,35.84,fail
2743,Ronnie,63.0,pass
2744,Karen,50.62,pass
2745,Patricia,96.7,pass
2746,Tyrone,49.59,pass
2747,Kevin,49.8,pass
2748,Crystal,73.96,pass
2749,Gina,34.94,fail
2750,Traci,74.95,pass
2751,Michael,90.87,pass
2752,Carol,34.78,fail
2753,Alfred,82.84,pass
2754,Christopher,53.8,pass
2755,Bonnie,61.67,pass
2756,Patrick,97.09,pass
2757,Willie,55.96,pass
2758,Michelle,57.48,pass
2759,Barbara,95.84,pass
2760,Kristen,67.96,pass
2761,Collin,99.37,pass
2762,Patricia,33.47,fail
2763,Mary,97.2,pass
2764,Brett,45.79,pass
2765,Tonya,62.07,pass
2766,Francisco,38.08,fail
2767,Patricia,96.44,pass
2768,Kenneth,45.75,pass
2769,Matthew,73.92,pass
2770,Kim,70.39,pass
2771,Jonathan,44.56,pass
2772,John,42.75,pass
2773,Dawn,53.71,pass
2774,Kaitlyn,60.78,pass
2775,Taylor,41.78,pass
2776,Christina,46.51,pass
2777,Robert,89.59,pass
2778,Kyle,77.09,pass
2779,Margaret,81.83,pass
2780,Jessica,72.04,pass
2781,Jill,68.94,pass
2782,Joseph,81.92,pass
2783,Scott,58.84,pass
2784,Amy,30.82,fail
2785,Lauren,78.48,pass
2786,Patrick,92.59,pass
2787,William,54.15,pass
2788,Maria,68.2,pass
2789,Anthony,91.62,pass
2790,Vincent,89.35,pass
2791,Nicole,37.28,fail
2792,Angela,33.78,fail
2793,Erica,95.77,pass
2794,Tina,44.88,pass
2795,Alison,92.07,pass
2796,Michael,45.98,pass
2797,Richard,39.43,fail
2798,Olivia,47.79,pass
2799,Holly,49.73,pass
2800,Lance,99.15,pass
2801,Brian,97.73,pass
2802,Levi,45.47,pass
2803,Julia,93.92,pass
2804,Christine,48.75,pass
2805,Yolanda,57.1,pass
2806,Jeffrey,79.16,pass
2807,Daniel,31.48,fail
2808,Matthew,54.15,pass
2809,Paul,84.99,pass
2810,Lee,78.54,pass
2811,Adam,55.48,pass
2812,Mary,92.74,pass
2813,Jillian,93.22,pass
2814,Mariah,81.84,pass
2815,Elizabeth,86.0,pass
2816,John,96.01,pass
2817,Michael,72.23,pass
2818,Melissa,78.88,pass
2819,Laura,58.79,pass
2820,James,98.47,pass
2821,Phillip,63.47,pass
2822,Kenneth,42.35,pass
2823,Ashley,64.97,pass
2824,Kathleen,88.21,pass
2825,Cynthia,74.56,pass
2826,Anthony,74.44,pass
2827,Scott,70.4,pass
2828,Samantha,59.03,pass
2829,Arthur,47.18,pass
2830,Tracey,83.14,pass
2831,Kyle,65.68,pass
2832,Frederick,46.22,pass
2833,David,62.17,pass
2834,Alyssa,50.72,pass
2835,Donna,55.94,pass
2836,Julie,43.56,pass
2837,Mark,56.51,pass
2838,Joel,70.37,pass
2839,Susan,33.04,fail
2840,Beth,59.52,pass
2841,Phillip,79.34,pass
2842,Kimberly,37.22,fail
2843,Becky,70.48,pass
2844,Anthony,45.65,pass
2845,Billy,73.9,pass
2846,Thomas,83.42,pass
2847,Thomas,42.61,pass
2848,Julia,72.89,pass
2849,Phillip,63.17,pass
2850,Andrew,75.27,pass
2851,Rose,34.6,fail
2852,Jessica,50.68,pass
2853,Ashley,67.07,pass
2854,Sarah,85.21,pass
2855,Jack,57.54,pass
2856,Thomas,64.73,pass
2857,Jose,45.35,pass
2858,Malik,31.01,fail
2859,Cassie,46.84,pass
2860,Lauren,53.03,pass
2861,Donald,99.14,pass
2862,David,91.91,pass
2863,Barry,75.6,pass
2864,Jerry,63.15,pass
2865,Lisa,66.7,pass
2866,Tanya,79.9,pass
2867,Steven,63.79,pass
2868,Carl,46.2,pass
2869,Lawrence,43.25,pass
2870,Rebecca,69.37,pass
2871,Austin,39.75,fail
2872,Maureen,86.17,pass
2873,Angela,77.86,pass
2874,Robert,42.18,pass
2875,Michael,58.56,pass
2876,Eric,44.7,pass
2877,Lonnie,41.27,pass
2878,Manuel,74.12,pass
2879,Jason,68.21,pass
2880,Vickie,84.59,pass
2881,Bradley,72.62,pass
2882,Dawn,31.59,fail
2883,Alexander,93.33,pass
2884,Kathy,70.77,pass
2885,Amy,73.95,pass
2886,Jeremy,92.41,pass
2887,Elizabeth,94.33,pass
2888,Ronald,85.67,pass
2889,Charles,48.42,pass
2890,Natalie,58.93,pass
2891,Robert,73.82,pass
2892,Alyssa,67.54,pass
2893,Patrick,32.76,fail
2894,Emily,60.64,pass
2895,Lori,58.9,pass
2896,Jonathan,78.64,pass
2897,Vickie,70.27,pass
2898,Kelly,76.0,pass
2899,Chase,33.66,fail
2900,Mary,87.4,pass
2901,Victoria,56.05,pass
2902,Timothy,89.65,pass
2903,Megan,55.33,pass
2904,Seth,78.33,pass
2905,John,67.67,pass
2906,Jessica,85.95,pass
2907,Nicholas,83.61,pass
2908,Brian,84.94,pass
2909,Jean,67.62,pass
2910,Amy,80.23,pass
2911,Erica,34.0,fail
2912,Philip,87.56,pass
2913,Donald,88.97,pass
2914,Tara,74.79,pass
2915,Ricardo,39.41,fail
2916,Joseph,58.44,pass
2917,Yvette,31.54,fail
2918,Aaron,75.8,pass
2919,Brenda,50.54,pass
2920,Duane,55.91,pass
2921,Amy,64.93,pass
2922,Rose,97.46,pass
2923,Anthony,33.64,fail
2924,Angela,88.61,pass
2925,Christopher,38.77,fail
2926,Shawn,33.71,fail
2927,Thomas,69.71,pass
2928,James,47.29,pass
2929,Stephanie,96.19,pass
2930,Hayley,32.03,fail
2931,Beth,98.12,pass
2932,Maria,98.03,pass
2933,Sherri,59.23,pass
2934,George,63.59,pass
2935,Daniel,68.3,pass
2936,Matthew,47.0,pass
2937,Kimberly,53.4,pass
2938,Lauren,39.81,fail
2939,Danielle,59.47,pass
2940,Troy,50.13,pass
2941,Taylor,66.89,pass
2942,Amy,40.91,pass
2943,Ruben,91.99,pass
2944,Morgan,48.84,pass
2945,Michael,40.18,pass
2946,Steven,88.01,pass
2947,Kevin,91.93,pass
2948,Christopher,76.76,pass
2949,Jordan,72.27,pass
2950,Margaret,63.58,pass
2951,Tasha,38.81,fail
2952,Andrew,36.86,fail
2953,Dylan,56.31,pass
2954,Trevor,31.91,fail
2955,Michael,75.46,pass
2956,Brianna,48.02,pass
2957,Gregory,55.8,pass
2958,Kimberly,46.22,pass
2959,Sarah,52.79,pass
2960,Kristie,90.33,pass
2961,Jennifer,60.3,pass
2962,Joseph,65.66,pass
2963,Heidi,80.23,pass
2964,Bethany,35.94,fail
2965,Carmen,60.36,pass
2966,Matthew,80.75,pass
2967,Jodi,89.74,pass
2968,Timothy,84.73,pass
2969,Cynthia,62.41,pass
2970,Lori,39.12,fail
2971,Bryan,50.91,pass
2972,Jeff,64.69,pass
2973,Randall,75.11,pass
2974,Christina,78.87,pass
2975,Laurie,95.48,pass
2976,Jeremiah,50.08,pass
2977,Jessica,63.73,pass
2978,Micheal,88.36,pass
2979,Pamela,76.13,pass
2980,John,47.35,pass
2981,Jo,58.56,pass
2982,Aaron,64.3,pass
2983,Diane,69.77,pass
2984,James,38.44,fail
2985,Lisa,94.99,pass
2986,Shelby,66.84,pass
2987,Diane,41.52,pass
2988,Sydney,49.37,pass
2989,Debra,32.02,fail
2990,Lauren,90.8,pass
2991,Pedro,60.33,pass
2992,Brandon,37.68,fail
2993,Traci,49.68,pass
2994,Dana,65.46,pass
2995,Matthew,75.34,pass
2996,Maureen,69.11,pass
2997,Stephen,95.59,pass
2998,Caroline,74.62,pass
2999,Christine,84.86,pass
3000,James,54.09,pass
3001,Elizabeth,56.35,pass
3002,Jennifer,34.51,fail
3003,Cody,78.18,pass
3004,Thomas,94.55,pass
3005,Dwayne,97.33,pass
3006,Kristen,74.6,pass
3007,Alan,81.25,pass
3008,Christopher,95.35,pass
3009,Jeremy,41.64,pass
3010,Daniel,34.68,fail
3011,Valerie,58.18,pass
3012,Chad,81.66,pass
3013,Benjamin,91.29,pass
3014,Sean,94.43,pass
3015,Morgan,88.59,pass
3016,Jennifer,99.47,pass
3017,Haley,52.4,pass
3018,Roger,57.62,pass
3019,Travis,76.34,pass
3020,Christian,71.73,pass
3021,Wanda,92.94,pass
3022,Michaela,75.57,pass
3023,Carlos,72.39,pass
3024,Carlos,48.95,pass
3025,Kristin,98.52,pass
3026,Billy,39.29,fail
3027,Elizabeth,54.58,pass
3028,Mark,79.19,pass
3029,Kristi,59.48,pass
3030,Molly,48.83,pass
3031,Chelsea,48.86,pass
3032,Cheryl,54.78,pass
3033,Elaine,72.06,pass
3034,Jason,38.92,fail
3035,Alyssa,96.2,pass
3036,Shirley,81.63,pass
3037,Bobby,30.56,fail
3038,Susan,46.03,pass
3039,Tommy,94.49,pass
3040,Bryan,59.08,pass
3041,Leah,71.79,pass
3042,Mallory,87.52,pass
3043,Jessica,95.95,pass
3044,Kelly,82.28,pass
3045,Matthew,82.63,pass
3046,Jennifer,66.83,pass
3047,Kevin,86.41,pass
3048,Melissa,55.68,pass
3049,Jeffery,89.35,pass
3050,Ryan,33.92,fail
3051,Erika,30.97,fail
3052,Michael,66.38,pass
3053,Shawn,62.98,pass
3054,Eric,71.23,pass
3055,Alyssa,46.41,pass
3056,Joanna,47.24,pass
3057,Wendy,43.77,pass
3058,John,70.17,pass
3059,Nathan,60.91,pass
3060,Victoria,41.5,pass
3061,Mary,34.75,fail
3062,Erin,69.95,pass
3063,Sandy,93.54,pass
3064,Christopher,51.23,pass
3065,Thomas,40.22,pass
3066,Gregory,49.59,pass
3067,John,67.69,pass
3068,Tracy,93.04,pass
3069,Gary,55.95,pass
3070,Jessica,87.83,pass
3071,Joshua,46.08,pass
3072,Mary,44.75,pass
3073,Ronald,46.71,pass
3074,Audrey,48.82,pass
3075,Jason,45.11,pass
3076,Sharon,97.65,pass
3077,Sharon,99.13,pass
3078,Matthew,94.53,pass
3079,Catherine,99.14,pass
3080,Michelle,97.92,pass
3081,Amanda,91.91,pass
3082,Mary,85.16,pass
3083,Erin,96.96,pass
3084,Sheila,99.92,pass
3085,Sherry,69.33,pass
3086,Warren,74.12,pass
3087,Jordan,79.86,pass
3088,Jared,48.31,pass
3089,Donna,38.21,fail
3090,Richard,55.72,pass
3091,Matthew,61.75,pass
3092,Zachary,69.4,pass
3093,Andrew,80.23,pass
3094,Nicholas,69.71,pass
3095,Nichole,61.03,pass
3096,Crystal,78.95,pass
3097,Hannah,78.68,pass
3098,Melissa,94.06,pass
3099,Anne,88.24,pass
3100,Michael,69.99,pass
3101,Brittany,74.68,pass
3102,Angel,88.98,pass
3103,Sara,97.4,pass
3104,Emily,66.44,pass
3105,Cassidy,92.94,pass
3106,Loretta,60.88,pass
3107,Julia,54.49,pass
3108,Colton,60.35,pass
3109,Lisa,60.84,pass
3110,Matthew,40.48,pass
3111,Diane,58.41,pass
3112,Diane,98.46,pass
3113,Angela,99.79,pass
3114,Kevin,78.29,pass
3115,Molly,41.29,pass
3116,Alice,51.72,pass
3117,Susan,73.61,pass
3118,Isaac,72.09,pass
3119,Justin,61.48,pass
3120,Sarah,92.05,pass
3121,Jessica,58.65,pass
3122,Gabriella,65.31,pass
3123,Amy,47.16,pass
3124,James,50.12,pass
3125,Abigail,61.25,pass
3126,Rebekah,46.22,pass
3127,Debra,73.07,pass
3128,Yolanda,52.03,pass
3129,David,51.65,pass
3130,Lisa,63.27,pass
3131,Donald,81.19,pass
3132,Chelsea,79.63,pass
3133,Rebecca,37.64,fail
3134,Charles,85.89,pass
3135,Brenda,61.34,pass
3136,Jessica,60.83,pass
3137,Thomas,74.52,pass
3138,Rachel,88.61,pass
3139,Christine,92.16,pass
3140,Donald,36.95,fail
3141,Christina,82.36,pass
3142,Karen,98.32,pass
3143,Alexis,57.71,pass
3144,Karla,87.16,pass
3145,Vincent,79.52,pass
3146,Anthony,50.95,pass
3147,Michael,67.24,pass
3148,James,85.18,pass
3149,Amy,46.72,pass
3150,Mike,30.28,fail
3151,Dylan,76.91,pass
3152,Daniel,92.57,pass
3153,Danielle,57.21,pass
3154,Benjamin,88.91,pass
3155,Miranda,97.16,pass
3156,Gary,93.54,pass
3157,Danielle,71.16,pass
3158,James,72.39,pass
3159,Stephen,98.04,pass
3160,Janice,69.7,pass
3161,James,89.35,pass
3162,Patrick,68.63,pass
3163,Steven,40.13,pass
3164,Kent,70.77,pass
3165,Sonya,64.41,pass
3166,Barbara,44.22,pass
3167,James,82.15,pass
3168,Samantha,47.59,pass
3169,Laura,91.02,pass
3170,Daniel,33.71,fail
3171,Shane,61.25,pass
3172,Eric,80.31,pass
3173,Richard,37.05,fail
3174,Madison,32.31,fail
3175,Donald,62.11,pass
3176,Laurie,34.35,fail
3177,Robert,86.32,pass
3178,Patricia,64.07,pass
3179,Erica,54.25,pass
3180,Christopher,52.31,pass
3181,Katherine,44.94,pass
3182,Samantha,93.25,pass
3183,Sarah,68.56,pass
3184,Derrick,97.08,pass
3185,Andre,95.87,pass
3186,Nancy,65.47,pass
3187,Matthew,33.84,fail
3188,Christian,54.18,pass
3189,Cynthia,68.69,pass
3190,Douglas,93.36,pass
3191,Kimberly,58.03,pass
3192,Mckenzie,57.91,pass
3193,Seth,76.95,pass
3194,Patricia,61.46,pass
3195,Susan,39.96,fail
3196,Lee,36.58,fail
3197,Mary,62.81,pass
3198,David,89.33,pass
3199,John,44.93,pass
3200,Vickie,56.72,pass
3201,Ashley,51.23,pass
3202,Lauren,38.62,fail
3203,Sean,79.48,pass
3204,Todd,65.75,pass
3205,Kathy,53.11,pass
3206,Louis,47.21,pass
3207,John,95.76,pass
3208,Regina,96.5,pass
3209,Brian,75.48,pass
3210,Cathy,40.8,pass
3211,Deborah,49.32,pass
3212,Roberto,63.45,pass
3213,Amanda,77.47,pass
3214,Kristen,41.45,pass
3215,Nicole,31.0,fail
3216,Nicholas,97.61,pass
3217,Maria,50.18,pass
3218,Lauren,83.29,pass
3219,Chad,41.9,pass
3220,Michael,93.68,pass
3221,Justin,79.87,pass
3222,Christopher,98.24,pass
3223,Brittany,99.3,pass
3224,James,92.13,pass
3225,Lisa,90.56,pass
3226,Megan,77.26,pass
3227,Alan,67.45,pass
3228,Gary,75.9,pass
3229,Lori,99.98,pass
3230,Judy,41.31,pass
3231,Sara,42.45,pass
3232,Charles,62.38,pass
3233,Luis,37.87,fail
3234,Leslie,60.12,pass
3235,Rachel,49.62,pass
3236,Joshua,80.2,pass
3237,Anna,50.2,pass
3238,John,44.32,pass
3239,Madeline,30.41,fail
3240,Nicholas,77.05,pass
3241,Duane,47.96,pass
3242,John,65.31,pass
3243,Alicia,99.81,pass
3244,Diana,45.22,pass
3245,James,70.63,pass
3246,Melissa,47.44,pass
3247,Kathleen,81.17,pass
3248,Taylor,56.59,pass
3249,Elizabeth,39.23,fail
3250,Ryan,77.13,pass
3251,Catherine,46.02,pass
3252,Lisa,51.77,pass
3253,Kristen,75.07,pass
3254,Justin,87.46,pass
3255,Judy,53.63,pass
3256,Caitlin,64.7,pass
3257,Blake,68.62,pass
3258,Melissa,58.86,pass
3259,Rhonda,38.58,fail
3260,Chad,66.81,pass
3261,Michelle,78.98,pass
3262,Olivia,83.57,pass
3263,Sheri,52.87,pass
3264,Patrick,46.99,pass
3265,Susan,66.35,pass
3266,Christina,88.06,pass
3267,Lauren,40.1,pass
3268,James,55.48,pass
3269,Thomas,40.18,pass
3270,Rebekah,78.62,pass
3271,Jared,66.72,pass
3272,Charles,61.01,pass
3273,Lauren,71.44,pass
3274,Alexandra,30.09,fail
3275,Sherry,84.75,pass
3276,Ruth,80.39,pass
3277,Donald,42.14,pass
3278,Megan,66.82,pass
3279,Michael,93.58,pass
3280,Beth,32.39,fail
3281,Laurie,43.58,pass
3282,Preston,53.42,pass
3283,Anthony,99.82,pass
3284,Rachel,81.3,pass
3285,John,56.63,pass
3286,Gerald,59.36,pass
3287,Rebecca,33.98,fail
3288,Trevor,45.61,pass
3289,Mary,49.8,pass
3290,Julie,91.16,pass
3291,Javier,95.13,pass
3292,Thomas,91.01,pass
3293,Michael,46.84,pass
3294,Elizabeth,54.31,pass
3295,Lisa,66.52,pass
3296,Kevin,85.35,pass
3297,Cameron,57.07,pass
3298,Lisa,56.25,pass
3299,Ashley,84.73,pass
3300,Shaun,58.78,pass
3301,Amy,65.0,pass
3302,Joel,78.33,pass
3303,Bradley,33.13,fail
3304,Mary,85.86,pass
3305,Tammy,31.36,fail
3306,Robert,90.2,pass
3307,Amy,79.41,pass
3308,Michael,52.16,pass
3309,Jennifer,42.48,pass
3310,Emily,78.34,pass
3311,Victoria,82.81,pass
3312,Kenneth,99.15,pass
3313,Emily,58.3,pass
3314,Jennifer,41.21,pass
3315,John,79.29,pass
3316,Ruben,82.87,pass
3317,Steven,91.02,pass
3318,Danielle,67.02,pass
3319,Zachary,73.63,pass
3320,Nicholas,46.76,pass
3321,Kristin,40.17,pass
3322,George,31.87,fail
3323,Jennifer,53.0,pass
3324,Thomas,83.76,pass
3325,Robert,49.75,pass
3326,Robert,83.68,pass
3327,Travis,63.46,pass
3328,Robert,40.25,pass
3329,Belinda,89.75,pass
3330,Megan,46.54,pass
3331,Jennifer,78.0,pass
3332,Jessica,70.14,pass
3333,Donald,65.24,pass
3334,John,60.03,pass
3335,Russell,85.75,pass
3336,David,54.99,pass
3337,Andrew,86.34,pass
3338,Tina,33.09,fail
3339,Jeffrey,73.76,pass
3340,Kayla,32.77,fail
3341,Sarah,98.15,pass
3342,Sarah,93.07,pass
3343,Betty,61.75,pass
3344,Robert,72.91,pass
3345,Sophia,43.72,pass
3346,Robert,63.58,pass
3347,Allen,60.4,pass
3348,David,61.75,pass
3349,Stephanie,41.22,pass
3350,Thomas,74.08,pass
3351,Shane,65.91,pass
3352,Julie,68.08,pass
3353,James,94.81,pass
3354,Sheila,58.04,pass
3355,Derek,96.13,pass
3356,Elaine,65.89,pass
3357,Tina,63.49,pass
3358,Robert,55.72,pass
3359,Veronica,31.18,fail
3360,Dominique,37.04,fail
3361,David,47.07,pass
3362,Shelia,82.83,pass
3363,Rhonda,72.79,pass
3364,Glenn,81.52,pass
3365,Joel,92.44,pass
3366,Melody,30.65,fail
3367,Aaron,55.0,pass
3368,Debra,96.12,pass
3369,Tyler,30.63,fail
3370,Michael,62.49,pass
3371,Miguel,36.58,fail
3372,Erin,31.73,fail
3373,Ryan,64.05,pass
3374,Kimberly,61.71,pass
3375,Joanna,84.3,pass
3376,Holly,66.91,pass
3377,Kevin,89.3,pass
3378,Shawn,67.51,pass
3379,Andrew,75.24,pass
3380,Michael,52.84,pass
3381,Brittney,91.37,pass
3382,David,80.61,pass
3383,Lisa,50.24,pass
3384,Christopher,37.81,fail
3385,William,59.23,pass
3386,Crystal,78.29,pass
3387,Alison,83.79,pass
3388,Wendy,87.97,pass
3389,Ronnie,57.99,pass
3390,Rodney,87.72,pass
3391,Gregory,92.9,pass
3392,Michael,52.82,pass
3393,Nathaniel,56.78,pass
3394,Madison,75.15,pass
3395,Daniel,93.81,pass
3396,Christopher,37.37,fail
3397,Austin,61.33,pass
3398,Lisa,55.1,pass
3399,Roy,72.61,pass
3400,Shelly,62.08,pass
3401,Lauren,50.91,pass
3402,Jason,51.62,pass
3403,Samantha,96.4,pass
3404,Lindsey,37.65,fail
3405,Nathan,37.02,fail
3406,Sue,44.1,pass
3407,Ian,50.9,pass
3408,Robert,50.01,pass
3409,Michael,45.82,pass
3410,Eric,34.61,fail
3411,Jessica,91.28,pass
3412,Joy,74.9,pass
3413,Laura,71.6,pass
3414,Ryan,42.59,pass
3415,Michael,80.07,pass
3416,Sarah,94.68,pass
3417,Darren,91.25,pass
3418,Rebecca,54.62,pass
3419,Jasmine,95.92,pass
3420,Autumn,70.33,pass
3421,Douglas,53.45,pass
3422,Adam,49.31,pass
3423,Frederick,58.32,pass
3424,Brandon,38.6,fail
3425,Shannon,40.9,pass
3426,Brian,83.66,pass
3427,Rebecca,61.34,pass
3428,Thomas,30.83,fail
3429,Tony,96.83,pass
3430,Sharon,77.99,pass
3431,Alexander,40.44,pass
3432,Danielle,70.07,pass
3433,Thomas,59.27,pass
3434,James,98.09,pass
3435,Daniel,41.83,pass
3436,Rebecca,46.81,pass
3437,Lori,81.07,pass
3438,Theresa,99.58,pass
3439,Jennifer,38.01,fail
3440,Misty,84.81,pass
3441,Katelyn,46.1,pass
3442,Edward,94.81,pass
3443,Margaret,85.82,pass
3444,Amanda,32.93,fail
3445,Anthony,60.85,pass
3446,Brooke,91.68,pass
3447,Francisco,34.44,fail
3448,Lee,76.59,pass
3449,Jonathan,93.36,pass
3450,Cameron,76.77,pass
3451,Connie,69.68,pass
3452,Sarah,81.56,pass
3453,Thomas,33.21,fail
3454,Daniel,50.74,pass
3455,Wesley,82.65,pass
3456,Jessica,69.28,pass
3457,Rachel,82.42,pass
3458,Amy,89.34,pass
3459,Christine,60.85,pass
3460,Devin,50.56,pass
3461,Sandra,32.17,fail
3462,Kayla,60.58,pass
3463,Barry,71.9,pass
3464,Lori,53.74,pass
3465,Brandi,65.99,pass
3466,Victor,36.01,fail
3467,Kimberly,87.74,pass
3468,Ricky,39.46,fail
3469,Sheila,89.63,pass
3470,Keith,57.21,pass
3471,Victor,87.56,pass
3472,Leonard,60.23,pass
3473,Jason,92.5,pass
3474,Karen,64.53,pass
3475,Stephen,40.49,pass
3476,Carol,83.64,pass
3477,Stephanie,40.22,pass
3478,James,59.85,pass
3479,Amy,70.05,pass
3480,Stephen,55.34,pass
3481,Brian,96.38,pass
3482,Sandra,93.71,pass
3483,Joshua,72.12,pass
3484,Samantha,74.39,pass
3485,Kenneth,72.74,pass
3486,Karen,81.94,pass
3487,Whitney,83.46,pass
3488,Alexis,46.88,pass
3489,Jerome,66.22,pass
3490,Adrian,71.31,pass
3491,Manuel,58.95,pass
3492,Steven,90.75,pass
3493,Jacob,76.25,pass
3494,Victoria,63.85,pass
3495,Megan,30.9,fail
3496,Timothy,33.48,fail
3497,Joshua,35.33,fail
3498,Richard,37.01,fail
3499,Michael,30.02,fail
3500,Phillip,56.37,pass
3501,Roger,87.37,pass
3502,Darrell,31.04,fail
3503,Nathan,58.58,pass
3504,Matthew,83.66,pass
3505,Laura,51.8,pass
3506,Christie,40.44,pass
3507,Joseph,52.13,pass
3508,Evelyn,88.92,pass
3509,Karen,52.25,pass
3510,Chase,87.66,pass
3511,Michael,97.34,pass
3512,Zachary,77.5,pass
3513,Jeffrey,74.33,pass
3514,Robert,77.92,pass
3515,Jennifer,96.79,pass
3516,William,44.96,pass
3517,Kelly,39.62,fail
3518,Latoya,78.1,pass
3519,Hannah,72.37,pass
3520,Samantha,32.06,fail
3521,Joseph,72.9,pass
3522,Edwin,34.51,fail
3523,Allison,37.06,fail
3524,Kevin,94.08,pass
3525,Linda,43.99,pass
3526,Megan,85.99,pass
3527,Jessica,82.88,pass
3528,Patricia,59.7,pass
3529,Kevin,44.54,pass
3530,Anthony,69.14,pass
3531,Jesse,61.3,pass
3532,James,67.95,pass
3533,Michael,65.93,pass
3534,Kenneth,40.39,pass
3535,Jeanne,84.41,pass
3536,William,58.72,pass
3537,Edward,39.66,fail
3538,Carl,52.8,pass
3539,Shane,98.53,pass
3540,Jamie,73.77,pass
3541,Paul,84.35,pass
3542,Alexis,75.56,pass
3543,Raymond,68.08,pass
3544,Ann,52.7,pass
3545,Robert,51.5,pass
3546,Tina,71.11,pass
3547,Kimberly,63.41,pass
3548,Paul,84.96,pass
3549,Patrick,84.03,pass
3550,Paul,75.55,pass
3551,Katrina,39.45,fail
3552,Michelle,55.71,pass
3553,Adam,91.51,pass
3554,Carrie,63.02,pass
3555,John,86.83,pass
3556,Rose,61.48,pass
3557,Austin,86.16,pass
3558,James,68.74,pass
3559,Richard,64.84,pass
3560,Eric,40.45,pass
3561,Krystal,52.35,pass
3562,Tara,94.43,pass
3563,Jasmine,58.22,pass
3564,Natalie,89.45,pass
3565,Maria,81.53,pass
3566,Lisa,87.11,pass
3567,Jerry,99.48,pass
3568,Jennifer,90.28,pass
3569,Sarah,45.68,pass
3570,Marcus,99.08,pass
3571,Samantha,84.03,pass
3572,Justin,71.62,pass
3573,Sarah,59.02,pass
3574,Deborah,43.53,pass
3575,Diane,46.73,pass
3576,William,75.91,pass
3577,Tiffany,88.84,pass
3578,Kenneth,48.43,pass
3579,Katrina,65.16,pass
3580,William,65.84,pass
3581,David,42.87,pass
3582,Margaret,30.26,fail
3583,Danielle,31.05,fail
3584,Stuart,52.38,pass
3585,Brandon,90.59,pass
3586,Paul,95.67,pass
3587,Beth,81.6,pass
3588,Jessica,57.49,pass
3589,David,82.69,pass
3590,Cody,76.68,pass
3591,Leah,88.57,pass
3592,Connie,43.37,pass
3593,Matthew,51.21,pass
3594,Jennifer,33.39,fail
3595,Arthur,96.49,pass
3596,Alexa,88.99,pass
3597,Roger,30.86,fail
3598,Scott,92.94,pass
3599,Timothy,38.05,fail
3600,Jesus,79.33,pass
3601,Patricia,31.7,fail
3602,David,96.76,pass
3603,Jessica,47.96,pass
3604,Johnny,33.67,fail
3605,Jack,46.86,pass
3606,Matthew,94.8,pass
3607,Penny,44.4,pass
3608,Nancy,37.46,fail
3609,Debra,58.15,pass
3610,Amy,66.24,pass
3611,Jennifer,60.05,pass
3612,Jeanette,81.08,pass
3613,Melanie,40.49,pass
3614,Joshua,58.41,pass
3615,Dustin,63.45,pass
3616,Ryan,76.01,pass
3617,Carrie,50.65,pass
3618,Lauren,35.49,fail
3619,Anthony,47.93,pass
3620,Evelyn,68.24,pass
3621,Joshua,72.16,pass
3622,Teresa,35.67,fail
3623,Cody,37.56,fail
3624,Jorge,71.06,pass
3625,Michael,36.71,fail
3626,Paul,60.72,pass
3627,Michelle,91.78,pass
3628,Anna,86.98,pass
3629,Mark,60.85,pass
3630,Justin,93.98,pass
3631,Michael,60.56,pass
3632,Kelsey,80.07,pass
3633,David,90.2,pass
3634,David,49.18,pass
3635,Jason,55.0,pass
3636,Whitney,45.04,pass
3637,Christopher,50.88,pass
3638,Lauren,70.94,pass
3639,Renee,48.02,pass
3640,Stacy,94.85,pass
3641,Timothy,96.8,pass
3642,Natasha,89.56,pass
3643,Gina,68.02,pass
3644,Gregory,33.19,fail
3645,Nathan,60.59,pass
3646,Angela,90.44,pass
3647,John,96.13,pass
3648,Gregory,70.46,pass
3649,Kenneth,66.19,pass
3650,Jessica,90.06,pass
3651,Carrie,90.02,pass
3652,Tara,37.33,fail
3653,Shirley,55.21,pass
3654,Michelle,90.75,pass
3655,Sara,51.43,pass
3656,Deborah,33.58,fail
3657,Nathaniel,34.3,fail
3658,Mitchell,67.29,pass
3659,Nathan,39.56,fail
3660,Brandon,61.2,pass
3661,Jessica,84.15,pass
3662,Brian,89.72,pass
3663,Angela,65.06,pass
3664,David,68.4,pass
3665,Lisa,98.18,pass
3666,Dawn,40.87,pass
3667,Sharon,83.15,pass
3668,Marisa,55.47,pass
3669,Rachel,75.61,pass
3670,Jessica,51.74,pass
3671,Samuel,75.96,pass
3672,Aaron,71.38,pass
3673,Noah,88.76,pass
3674,Heather,68.98,pass
3675,Emily,43.49,pass
3676,John,55.8,pass
3677,Justin,36.86,fail
3678,Lisa,30.17,fail
3679,Julie,36.63,fail
3680,Edward,33.46,fail
3681,Natalie,53.42,pass
3682,Tanya,69.54,pass
3683,Heidi,74.17,pass
3684,Brian,80.83,pass
3685,Martin,35.76,fail
3686,Shelby,59.9,pass
3687,Jack,56.47,pass
3688,Kristin,54.5,pass
3689,Ryan,51.35,pass
3690,Andrew,70.24,pass
3691,James,71.1,pass
3692,Daniel,34.76,fail
3693,Melanie,50.14,pass
3694,Jeremy,66.13,pass
3695,Alan,56.67,pass
3696,Steven,85.08,pass
3697,Cody,97.61,pass
3698,Lindsay,35.5,fail
3699,Gregory,54.35,pass
3700,Nicole,55.74,pass
3701,Briana,76.99,pass
3702,Meghan,50.71,pass
3703,Ernest,67.99,pass
3704,Kenneth,46.28,pass
3705,Jessica,30.1,fail
3706,Juan,50.53,pass
3707,Amanda,47.88,pass
3708,Lynn,43.62,pass
3709,John,78.23,pass
3710,Kelsey,77.09,pass
3711,Lisa,75.76,pass
3712,Pedro,92.05,pass
3713,Kelly,95.27,pass
3714,Dawn,87.82,pass
3715,Tammy,56.71,pass
3716,Brittany,70.17,pass
3717,Jennifer,44.86,pass
3718,Raymond,99.71,pass
3719,Ryan,84.85,pass
3720,Jessica,33.91,fail
3721,Sarah,96.55,pass
3722,Allen,57.96,pass
3723,Michael,82.14,pass
3724,Caleb,32.83,fail
3725,Jessica,39.49,fail
3726,Trevor,48.46,pass
3727,Lisa,40.99,pass
3728,Renee,56.01,pass
3729,Kelly,54.02,pass
3730,Ethan,42.8,pass
3731,Louis,35.21,fail
3732,Gabriella,85.52,pass
3733,Stephen,73.77,pass
3734,Heather,64.91,pass
3735,Jeffery,59.53,pass
3736,Kenneth,60.31,pass
3737,Steve,94.73,pass
3738,Frank,55.81,pass
3739,Cameron,91.68,pass
3740,Michael,70.44,pass
3741,Deanna,81.3,pass
3742,Timothy,53.47,pass
3743,Dennis,73.87,pass
3744,Stephen,40.07,pass
3745,Lauren,83.41,pass
3746,Nicole,30.17,fail
3747,Julia,34.19,fail
3748,Brett,36.95,fail
3749,Brittany,86.75,pass
3750,Alejandro,33.06,fail
3751,Virginia,87.39,pass
3752,Ralph,38.76,fail
3753,Michael,33.79,fail
3754,Christopher,66.67,pass
3755,Michael,39.73,fail
3756,Barbara,98.42,pass
3757,Olivia,75.91,pass
3758,David,58.47,pass
3759,Lauren,85.33,pass
3760,Anthony,68.77,pass
3761,Dawn,88.95,pass
3762,Willie,70.37,pass
3763,Megan,40.82,pass
3764,Nathaniel,62.58,pass
3765,Ruth,43.67,pass
3766,Samuel,73.18,pass
3767,Robyn,86.75,pass
3768,Yvonne,70.81,pass
3769,Krystal,80.73,pass
3770,John,89.52,pass
3771,Felicia,33.79,fail
3772,Luis,70.2,pass
3773,Tyler,58.56,pass
3774,Eugene,59.15,pass
3775,Julian,38.01,fail
3776,Michael,69.97,pass
3777,Marcia,71.6,pass
3778,Amber,62.97,pass
3779,Jennifer,33.65,fail
3780,Pamela,88.56,pass
3781,Tracy,31.62,fail
3782,Lacey,94.1,pass
3783,Julie,75.71,pass
3784,Mitchell,89.86,pass
3785,Brenda,91.86,pass
3786,Gina,37.93,fail
3787,Kevin,67.57,pass
3788,Chad,82.38,pass
3789,Brittany,81.49,pass
3790,Kelly,47.32,pass
3791,Tyler,31.09,fail
3792,Caleb,35.92,fail
3793,Thomas,93.45,pass
3794,Jonathan,40.05,pass
3795,Tammy,79.19,pass
3796,Alex,83.68,pass
3797,Brenda,86.43,pass
3798,Kelly,32.12,fail
3799,Charles,83.63,pass
3800,Shannon,45.16,pass
3801,Julie,42.91,pass
3802,Jennifer,46.01,pass
3803,Timothy,99.48,pass
3804,Tiffany,87.88,pass
3805,Hannah,34.75,fail
3806,Heather,87.1,pass
3807,Nicole,67.79,pass
3808,Jacqueline,37.44,fail
3809,Mitchell,68.77,pass
3810,Pamela,99.66,pass
3811,Janet,66.16,pass
3812,Nicole,32.17,fail
3813,Angela,38.35,fail
3814,Brenda,97.77,pass
3815,Shelly,88.34,pass
3816,Andrea,93.54,pass
3817,Michael,31.67,fail
3818,Chelsea,38.64,fail
3819,Brian,84.04,pass
3820,Brent,62.97,pass
3821,William,97.08,pass
3822,Selena,60.64,pass
3823,Joshua,68.1,pass
3824,David,68.44,pass
3825,Gabriel,72.0,pass
3826,Kimberly,49.56,pass
3827,Randy,49.64,pass
3828,Patricia,84.07,pass
3829,Laura,95.75,pass
3830,Angela,54.17,pass
3831,Elizabeth,99.93,pass
3832,Jessica,92.89,pass
3833,Kayla,92.78,pass
3834,Rachel,95.62,pass
3835,Andrew,64.21,pass
3836,Chad,94.62,pass
3837,Jessica,43.06,pass
3838,Diane,34.67,fail
3839,Pamela,42.5,pass
3840,Thomas,74.05,pass
3841,Justin,38.16,fail
3842,Jose,72.97,pass
3843,Nicole,82.58,pass
3844,John,44.46,pass
3845,Justin,89.84,pass
3846,Kimberly,61.75,pass
3847,Lisa,62.22,pass
3848,Antonio,38.16,fail
3849,Shannon,75.49,pass
3850,Joseph,46.41,pass
3851,Steve,57.17,pass
3852,Lisa,85.26,pass
3853,Brandon,82.05,pass
3854,Thomas,63.44,pass
3855,Janice,62.1,pass
3856,Samuel,76.6,pass
3857,Robert,35.67,fail
3858,Timothy,67.23,pass
3859,Jason,50.0,pass
3860,Tiffany,61.57,pass
3861,Jeffrey,60.59,pass
3862,Amy,78.69,pass
3863,Randy,56.11,pass
3864,Tammy,45.84,pass
3865,Daniel,80.93,pass
3866,Jason,61.2,pass
3867,Kaitlin,77.17,pass
3868,Michael,39.92,fail
3869,Stephanie,72.34,pass
3870,Destiny,38.82,fail
3871,Gary,97.11,pass
3872,Michael,65.5,pass
3873,Monica,60.51,pass
3874,Anthony,59.56,pass
3875,Sarah,71.81,pass
3876,Audrey,94.08,pass
3877,Samuel,42.62,pass
3878,Timothy,82.45,pass
3879,Beverly,93.12,pass
3880,Mike,84.46,pass
3881,Dave,61.22,pass
3882,James,91.2,pass
3883,Gina,69.2,pass
3884,Martin,32.04,fail
3885,Joseph,91.63,pass
3886,Brian,63.75,pass
3887,Amy,45.95,pass
3888,Leslie,84.89,pass
3889,Tammy,87.21,pass
3890,Dawn,68.75,pass
3891,Cindy,59.12,pass
3892,Norman,32.71,fail
3893,Erica,61.99,pass
3894,Justin,60.43,pass
3895,David,64.65,pass
3896,Alex,66.63,pass
3897,David,84.64,pass
3898,Stephen,83.5,pass
3899,Joseph,79.54,pass
3900,Denise,55.4,pass
3901,Tara,90.41,pass
3902,Shannon,84.85,pass
3903,Jeffrey,65.93,pass
3904,Zachary,87.25,pass
3905,Angela,52.17,pass
3906,Christina,71.78,pass
3907,Robert,74.84,pass
3908,John,78.42,pass
3909,Vanessa,38.65,fail
3910,Angela,96.7,pass
3911,Tiffany,90.3,pass
3912,Anthony,84.07,pass
3913,Ray,36.29,fail
3914,Thomas,63.53,pass
3915,Daniel,58.34,pass
3916,Sheri,39.35,fail
3917,Edward,79.67,pass
3918,Paul,95.51,pass
3919,Daniel,31.03,fail
3920,Sarah,68.55,pass
3921,Michael,71.25,pass
3922,Michelle,72.04,pass
3923,Kimberly,91.25,pass
3924,Jasmine,89.84,pass
3925,Alan,33.82,fail
3926,Donald,68.02,pass
3927,Amanda,33.19,fail
3928,Stacey,65.79,pass
3929,Steven,82.22,pass
3930,Steven,50.63,pass
3931,Erica,66.09,pass
3932,Matthew,47.81,pass
3933,Stephen,35.32,fail
3934,Allison,45.51,pass
3935,William,58.92,pass
3936,Monica,93.48,pass
3937,Kyle,81.24,pass
3938,Danielle,76.5,pass
3939,Thomas,35.16,fail
3940,James,64.95,pass
3941,Jacqueline,33.74,fail
3942,Terri,38.03,fail
3943,Francis,35.46,fail
3944,Donna,59.43,pass
3945,Lori,81.75,pass
3946,Robert,55.11,pass
3947,Michael,32.0,fail
3948,Mindy,69.52,pass
3949,James,43.68,pass
3950,Robert,50.78,pass
3951,Robert,68.81,pass
3952,Matthew,56.37,pass
3953,Isaac,57.61,pass
3954,Robert,44.09,pass
3955,Sabrina,71.08,pass
3956,Wendy,84.06,pass
3957,Karina,40.12,pass
3958,Daniel,70.65,pass
3959,Kristen,94.6,pass
3960,Danielle,34.04,fail
3961,Donald,91.83,pass
3962,Victor,98.24,pass
3963,Devon,70.52,pass
3964,Jasmine,94.75,pass
3965,Nicole,65.14,pass
3966,Michelle,99.05,pass
3967,Michelle,45.22,pass
3968,Bradley,71.25,pass
3969,Derek,57.39,pass
3970,Michael,38.91,fail
3971,Adam,76.17,pass
3972,Justin,67.59,pass
3973,Joshua,44.26,pass
3974,Debra,92.21,pass
3975,Jeremy,44.03,pass
3976,Joshua,89.83,pass
3977,John,46.2,pass
3978,Deborah,59.54,pass
3979,Timothy,96.79,pass
3980,Phillip,72.11,pass
3981,Jessica,75.36,pass
3982,Theresa,78.06,pass
3983,Stephen,38.71,fail
3984,Brian,77.96,pass
3985,April,65.96,pass
3986,Douglas,91.77,pass
3987,Catherine,40.29,pass
3988,Megan,37.2,fail
3989,Mike,91.08,pass
3990,Michael,43.26,pass
3991,Tonya,84.54,pass
3992,Raymond,44.84,pass
3993,Christopher,41.03,pass
3994,Mike,67.89,pass
3995,Daniel,33.54,fail
3996,Helen,98.22,pass
3997,Sandra,81.23,pass
3998,Keith,90.08,pass
3999,Lisa,94.32,pass
4000,Penny,72.56,pass
